2025-11-04 08:57:39,914 [INFO] Activator:176 - 


2025-11-04 08:57:41,810 [INFO] Activator:177 - !SESSION log4j initialized
2025-11-04 08:57:56,408 [INFO] LogOutputStream:77 - [STDOUT_REDIRECT] 
2025-11-04 08:58:03,257 [INFO] ApplicationProperties:184 - Using Application install path: C:\ST\STM32CubeIDE_1.18.1\STM32CubeIDE\plugins\com.st.stm32cube.common.mx_6.14.1.202504091515
2025-11-04 08:58:03,411 [INFO] DbMcusXml:78 - Set database path to: C:\ST\STM32CubeIDE_1.18.1\STM32CubeIDE\plugins\com.st.stm32cube.common.mx_6.14.1.202504091515\\db\/mcu/
2025-11-04 08:58:03,430 [INFO] ApiDb:274 - Set plugin database path to: C:\ST\STM32CubeIDE_1.18.1\STM32CubeIDE\plugins\com.st.stm32cube.common.mx_6.14.1.202504091515\\db\/plugins/boardmanager/
2025-11-04 08:58:03,476 [WARN] ApiDb:259 - Overriding images path with different value:  => C:\ST\STM32CubeIDE_1.18.1\STM32CubeIDE\plugins\com.st.stm32cube.common.mx_6.14.1.202504091515\\db\/plugins/mcufinder/images/
2025-11-04 08:58:03,600 [INFO] ApiDb:250 - Set database path to: C:\Users\jachanya\.stmcufinder\plugins\mcufinder//mcu/
2025-11-04 08:58:03,622 [INFO] DbMcusAds:125 - Set database path to: C:\Users\jachanya\.stmcufinder\plugins\mcufinder//mcu/
2025-11-04 08:58:03,664 [INFO] CrossReferenceDbSqlite:203 - Set database path to: C:\Users\jachanya\.stmcufinder\plugins\mcufinder//mcu/cs/
2025-11-04 08:58:04,138 [INFO] RulesReader:64 - Compatibility file has been processed (302 Rules)
2025-11-04 08:58:04,847 [INFO] DbMcusXml:78 - Set database path to: C:\ST\STM32CubeIDE_1.18.1\STM32CubeIDE\plugins\com.st.stm32cube.common.mx_6.14.1.202504091515\\db\/mcu/
2025-11-04 08:58:04,878 [INFO] ApiDb:274 - Set plugin database path to: C:\ST\STM32CubeIDE_1.18.1\STM32CubeIDE\plugins\com.st.stm32cube.common.mx_6.14.1.202504091515\\db\/plugins/boardmanager/
2025-11-04 08:58:04,891 [INFO] ApiDb:261 - Set plugin images path to: C:\ST\STM32CubeIDE_1.18.1\STM32CubeIDE\plugins\com.st.stm32cube.common.mx_6.14.1.202504091515\\db\/plugins/mcufinder/images/
2025-11-04 08:58:04,946 [WARN] DbFile:41 - Overriding database path with different value: C:\Users\jachanya\.stmcufinder\plugins\mcufinder/ => C:\Users\jachanya\.stmcufinder\plugins\mcufinder
2025-11-04 08:58:04,981 [INFO] ApiDb:250 - Set database path to: C:\Users\jachanya\.stmcufinder\plugins\mcufinder//mcu/
2025-11-04 08:58:05,000 [WARN] DbFile:41 - Overriding database path with different value: C:\Users\jachanya\.stmcufinder\plugins\mcufinder/ => C:\Users\jachanya\.stmcufinder\plugins\mcufinder
2025-11-04 08:58:05,035 [INFO] DbMcusAds:125 - Set database path to: C:\Users\jachanya\.stmcufinder\plugins\mcufinder//mcu/
2025-11-04 08:58:05,050 [WARN] DbFile:41 - Overriding database path with different value: C:\Users\jachanya\.stmcufinder\plugins\mcufinder/ => C:\Users\jachanya\.stmcufinder\plugins\mcufinder
2025-11-04 08:58:05,077 [WARN] DbFile:41 - Overriding database path with different value: C:\Users\jachanya\.stmcufinder\plugins\mcufinder/ => C:\Users\jachanya\.stmcufinder\plugins\mcufinder
2025-11-04 08:58:05,120 [INFO] CrossReferenceDbSqlite:203 - Set database path to: C:\Users\jachanya\.stmcufinder\plugins\mcufinder//mcu/cs/
2025-11-04 08:58:05,405 [INFO] MainPanel:272 - HeapMemory: 268435456
2025-11-04 08:58:05,702 [INFO] DbMcusXml:78 - Set database path to: C:\ST\STM32CubeIDE_1.18.1\STM32CubeIDE\plugins\com.st.stm32cube.common.mx_6.14.1.202504091515\\db\/mcu/
2025-11-04 08:58:05,713 [INFO] ApiDb:274 - Set plugin database path to: C:\ST\STM32CubeIDE_1.18.1\STM32CubeIDE\plugins\com.st.stm32cube.common.mx_6.14.1.202504091515\\db\/plugins/boardmanager/
2025-11-04 08:58:05,733 [INFO] ApiDb:261 - Set plugin images path to: C:\ST\STM32CubeIDE_1.18.1\STM32CubeIDE\plugins\com.st.stm32cube.common.mx_6.14.1.202504091515\\db\/plugins/mcufinder/images/
2025-11-04 08:58:05,742 [WARN] DbFile:41 - Overriding database path with different value: C:\Users\jachanya\.stmcufinder\plugins\mcufinder/ => C:\Users\jachanya\.stmcufinder\plugins\mcufinder
2025-11-04 08:58:05,760 [INFO] ApiDb:250 - Set database path to: C:\Users\jachanya\.stmcufinder\plugins\mcufinder//mcu/
2025-11-04 08:58:05,785 [WARN] DbFile:41 - Overriding database path with different value: C:\Users\jachanya\.stmcufinder\plugins\mcufinder/ => C:\Users\jachanya\.stmcufinder\plugins\mcufinder
2025-11-04 08:58:05,816 [INFO] DbMcusAds:125 - Set database path to: C:\Users\jachanya\.stmcufinder\plugins\mcufinder//mcu/
2025-11-04 08:58:05,879 [WARN] DbFile:41 - Overriding database path with different value: C:\Users\jachanya\.stmcufinder\plugins\mcufinder/ => C:\Users\jachanya\.stmcufinder\plugins\mcufinder
2025-11-04 08:58:05,892 [WARN] DbFile:41 - Overriding database path with different value: C:\Users\jachanya\.stmcufinder\plugins\mcufinder/ => C:\Users\jachanya\.stmcufinder\plugins\mcufinder
2025-11-04 08:58:05,926 [INFO] CrossReferenceDbSqlite:203 - Set database path to: C:\Users\jachanya\.stmcufinder\plugins\mcufinder//mcu/cs/
2025-11-04 08:58:06,123 [INFO] ApplicationProperties:184 - Using Application install path: C:\ST\STM32CubeIDE_1.18.1\STM32CubeIDE\plugins\com.st.stm32cube.common.mx_6.14.1.202504091515
2025-11-04 08:58:06,151 [INFO] PluginManage:196 - Search for loadable plugins [exclusion list=, ]
2025-11-04 08:58:06,175 [INFO] PluginManage:310 - Check plugin analytics
2025-11-04 08:58:06,856 [INFO] AnalyticsPlugin:253 - Accepted Software Licenses: 
2025-11-04 08:58:06,931 [INFO] AnalyticsPlugin:255 - Accepted CMSIS Pack Licenses: 
2025-11-04 08:58:06,965 [INFO] AnalyticsPlugin:257 - Accepted Firmware Licenses: FW.F4.1.28.0,FW.H7.1.12.0
2025-11-04 08:58:07,392 [INFO] PluginManage:359 - Loaded plugin analytics (category:tool,tabindex:-1)
2025-11-04 08:58:07,417 [INFO] PluginManage:310 - Check plugin cadmodel
2025-11-04 08:58:07,502 [INFO] CADModel:105 - Init CAD model plugin
2025-11-04 08:58:07,526 [INFO] PluginManage:359 - Loaded plugin cadmodel (category:power,tabindex:5)
2025-11-04 08:58:07,539 [INFO] PluginManage:310 - Check plugin clock
2025-11-04 08:58:07,602 [INFO] PluginManage:359 - Loaded plugin clock (category:base,tabindex:2)
2025-11-04 08:58:07,629 [INFO] PluginManage:310 - Check plugin ddr
2025-11-04 08:58:07,653 [INFO] PluginManage:359 - Loaded plugin ddr (category:tool,tabindex:6)
2025-11-04 08:58:07,665 [INFO] PluginManage:310 - Check plugin filemanager
2025-11-04 08:58:07,945 [INFO] PluginManage:359 - Loaded plugin filemanager (category:base,tabindex:10)
2025-11-04 08:58:07,979 [INFO] PluginManage:310 - Check plugin ipmanager
2025-11-04 08:58:08,037 [INFO] PluginManage:359 - Loaded plugin ipmanager (category:base,tabindex:5)
2025-11-04 08:58:08,065 [INFO] PluginManage:310 - Check plugin lpbam
2025-11-04 08:58:08,108 [INFO] PluginManage:359 - Loaded plugin lpbam (category:base,tabindex:0)
2025-11-04 08:58:08,117 [INFO] PluginManage:310 - Check plugin memorymap
2025-11-04 08:58:08,193 [INFO] PluginManage:359 - Loaded plugin memorymap (category:base,tabindex:4)
2025-11-04 08:58:08,204 [INFO] PluginManage:310 - Check plugin pinoutandconfiguration
2025-11-04 08:58:08,254 [INFO] PluginManage:359 - Loaded plugin pinoutandconfiguration (category:base,tabindex:1)
2025-11-04 08:58:08,261 [INFO] PluginManage:310 - Check plugin pinoutconfig
2025-11-04 08:58:08,423 [WARN] SupportedApi:132 - Cannot load RTOS API schema: s4s-elt-must-match.1: The content of 'definitions' must match (annotation?, (simpleType | complexType)?, (unique | key | keyref)*)). A problem was found starting at: attribute.
2025-11-04 08:58:08,679 [INFO] PluginManage:359 - Loaded plugin pinoutconfig (category:base,tabindex:0)
2025-11-04 08:58:08,681 [INFO] PluginManage:310 - Check plugin power
2025-11-04 08:58:08,812 [INFO] PluginManage:359 - Loaded plugin power (category:power,tabindex:4)
2025-11-04 08:58:08,823 [INFO] PluginManage:310 - Check plugin projectmanager
2025-11-04 08:58:08,865 [INFO] PluginManage:359 - Loaded plugin projectmanager (category:projectmanager,tabindex:4)
2025-11-04 08:58:08,927 [INFO] PluginManage:310 - Check plugin rif
2025-11-04 08:58:08,976 [INFO] PluginManage:359 - Loaded plugin rif (category:base,tabindex:3)
2025-11-04 08:58:09,003 [INFO] PluginManage:310 - Check plugin thirdparty
2025-11-04 08:58:09,290 [INFO] PluginManage:359 - Loaded plugin thirdparty (category:base,tabindex:-1)
2025-11-04 08:58:09,290 [WARN] IntegrityCheckThread:84 - waiting for thirdparty lock release [integrity check]
2025-11-04 08:58:09,307 [INFO] PluginManage:310 - Check plugin tools
2025-11-04 08:58:09,317 [INFO] IntegrityCheckThread:86 - entering critical section [integrity check]
2025-11-04 08:58:09,353 [INFO] ThirdPartyUpdaterWithRetryManager:70 - Updater plugin not ready yet. [1/15]
2025-11-04 08:58:09,382 [INFO] PluginManage:359 - Loaded plugin tools (category:base,tabindex:7)
2025-11-04 08:58:09,421 [INFO] PluginManage:310 - Check plugin tutovideos
2025-11-04 08:58:09,772 [INFO] PluginManage:359 - Loaded plugin tutovideos (category:base,tabindex:-1)
2025-11-04 08:58:09,784 [INFO] PluginManage:310 - Check plugin updater
2025-11-04 08:58:09,818 [INFO] PluginManage:359 - Loaded plugin updater (category:base,tabindex:12)
2025-11-04 08:58:09,833 [INFO] PluginManage:310 - Check plugin userauth
2025-11-04 08:58:09,856 [INFO] UserAuth:118 - Init User Auth plugin
2025-11-04 08:58:09,868 [INFO] PluginManage:359 - Loaded plugin userauth (category:base,tabindex:14)
2025-11-04 08:58:09,894 [INFO] PluginManage:283 - PluginManage : Loaded plugins [18]
2025-11-04 08:58:10,301 [INFO] PinOutPanel:1589 - setPackage(No Configuration,No Configuration)
2025-11-04 08:58:10,510 [INFO] CADModel:165 - CPN selected for project level
2025-11-04 08:58:10,522 [INFO] CADModel:114 - Register for checkConnection events
2025-11-04 08:58:10,573 [INFO] IPUIPlugin:80 - create IPUIPlugin
2025-11-04 08:58:10,609 [INFO] PluginManager:220 - loadIPPluginJar : add adc
2025-11-04 08:58:10,650 [INFO] IPUIPlugin:80 - create IPUIPlugin
2025-11-04 08:58:10,671 [INFO] PluginManager:220 - loadIPPluginJar : add aes
2025-11-04 08:58:10,714 [INFO] IPUIPlugin:80 - create IPUIPlugin
2025-11-04 08:58:10,734 [INFO] PluginManager:220 - loadIPPluginJar : add can
2025-11-04 08:58:10,771 [INFO] IPUIPlugin:80 - create IPUIPlugin
2025-11-04 08:58:10,801 [INFO] PluginManager:220 - loadIPPluginJar : add comp
2025-11-04 08:58:10,833 [INFO] IPUIPlugin:80 - create IPUIPlugin
2025-11-04 08:58:10,858 [INFO] PluginManager:220 - loadIPPluginJar : add cryp
2025-11-04 08:58:10,893 [INFO] IPUIPlugin:80 - create IPUIPlugin
2025-11-04 08:58:10,906 [INFO] PluginManager:220 - loadIPPluginJar : add ddr_ctrl_phy
2025-11-04 08:58:10,951 [INFO] IPUIPlugin:80 - create IPUIPlugin
2025-11-04 08:58:10,966 [INFO] PluginManager:220 - loadIPPluginJar : add dfsdm
2025-11-04 08:58:11,000 [INFO] IPUIPlugin:80 - create IPUIPlugin
2025-11-04 08:58:11,009 [INFO] PluginManager:220 - loadIPPluginJar : add dma
2025-11-04 08:58:11,041 [INFO] IPUIPlugin:80 - create IPUIPlugin
2025-11-04 08:58:11,086 [INFO] PluginManager:220 - loadIPPluginJar : add dma3
2025-11-04 08:58:11,117 [INFO] IPUIPlugin:80 - create IPUIPlugin
2025-11-04 08:58:11,173 [INFO] PluginManager:220 - loadIPPluginJar : add extmemmanager
2025-11-04 08:58:11,224 [INFO] IPUIPlugin:80 - create IPUIPlugin
2025-11-04 08:58:11,259 [INFO] PluginManager:220 - loadIPPluginJar : add fatfs
2025-11-04 08:58:11,287 [INFO] IPUIPlugin:80 - create IPUIPlugin
2025-11-04 08:58:11,305 [INFO] PluginManager:220 - loadIPPluginJar : add fmc
2025-11-04 08:58:11,347 [INFO] IPUIPlugin:80 - create IPUIPlugin
2025-11-04 08:58:11,378 [INFO] PluginManager:220 - loadIPPluginJar : add freertos
2025-11-04 08:58:11,405 [INFO] IPUIPlugin:80 - create IPUIPlugin
2025-11-04 08:58:11,420 [INFO] PluginManager:220 - loadIPPluginJar : add genericplugin
2025-11-04 08:58:11,465 [INFO] IPUIPlugin:80 - create IPUIPlugin
2025-11-04 08:58:11,487 [INFO] PluginManager:220 - loadIPPluginJar : add gfxmmu
2025-11-04 08:58:11,519 [INFO] IPUIPlugin:80 - create IPUIPlugin
2025-11-04 08:58:11,540 [INFO] PluginManager:220 - loadIPPluginJar : add gic
2025-11-04 08:58:11,577 [INFO] IPUIPlugin:80 - create IPUIPlugin
2025-11-04 08:58:11,591 [INFO] PluginManager:220 - loadIPPluginJar : add gpio
2025-11-04 08:58:11,616 [INFO] IPUIPlugin:80 - create IPUIPlugin
2025-11-04 08:58:11,628 [INFO] PluginManager:220 - loadIPPluginJar : add gtzc
2025-11-04 08:58:11,661 [INFO] IPUIPlugin:80 - create IPUIPlugin
2025-11-04 08:58:11,682 [INFO] PluginManager:220 - loadIPPluginJar : add hash
2025-11-04 08:58:11,726 [INFO] IPUIPlugin:80 - create IPUIPlugin
2025-11-04 08:58:11,746 [INFO] PluginManager:220 - loadIPPluginJar : add i2c
2025-11-04 08:58:11,774 [INFO] IPUIPlugin:80 - create IPUIPlugin
2025-11-04 08:58:11,779 [INFO] PluginManager:220 - loadIPPluginJar : add i2s
2025-11-04 08:58:11,809 [INFO] IPUIPlugin:80 - create IPUIPlugin
2025-11-04 08:58:11,824 [INFO] PluginManager:220 - loadIPPluginJar : add i3c
2025-11-04 08:58:11,852 [INFO] IPUIPlugin:80 - create IPUIPlugin
2025-11-04 08:58:11,864 [INFO] PluginManager:220 - loadIPPluginJar : add ipddr
2025-11-04 08:58:11,922 [INFO] IPUIPlugin:80 - create IPUIPlugin
2025-11-04 08:58:11,931 [INFO] PluginManager:220 - loadIPPluginJar : add linkedlist
2025-11-04 08:58:12,005 [INFO] IPUIPlugin:80 - create IPUIPlugin
2025-11-04 08:58:12,021 [INFO] PluginManager:220 - loadIPPluginJar : add lorawan
2025-11-04 08:58:12,056 [INFO] IPUIPlugin:80 - create IPUIPlugin
2025-11-04 08:58:12,081 [INFO] PluginManager:220 - loadIPPluginJar : add ltdc
2025-11-04 08:58:12,125 [INFO] IPUIPlugin:80 - create IPUIPlugin
2025-11-04 08:58:12,141 [INFO] PluginManager:220 - loadIPPluginJar : add mdma
2025-11-04 08:58:12,209 [INFO] IPUIPlugin:80 - create IPUIPlugin
2025-11-04 08:58:12,221 [INFO] PluginManager:220 - loadIPPluginJar : add nvic
2025-11-04 08:58:12,255 [INFO] IPUIPlugin:80 - create IPUIPlugin
2025-11-04 08:58:12,310 [INFO] PluginManager:220 - loadIPPluginJar : add opamp
2025-11-04 08:58:12,365 [INFO] IPUIPlugin:80 - create IPUIPlugin
2025-11-04 08:58:12,385 [INFO] ThirdPartyUpdaterWithRetryManager:70 - Updater plugin not ready yet. [2/15]
2025-11-04 08:58:12,389 [INFO] PluginManager:220 - loadIPPluginJar : add openamp
2025-11-04 08:58:12,391 [ERROR] ConfigurationRetriever:142 - IOException on connection: Read timed out
2025-11-04 08:58:12,433 [INFO] IPUIPlugin:80 - create IPUIPlugin
2025-11-04 08:58:12,478 [INFO] PluginManager:220 - loadIPPluginJar : add pdm2pcm
2025-11-04 08:58:12,511 [INFO] IPUIPlugin:80 - create IPUIPlugin
2025-11-04 08:58:12,583 [INFO] PluginManager:220 - loadIPPluginJar : add plateformsettings
2025-11-04 08:58:12,630 [INFO] IPUIPlugin:80 - create IPUIPlugin
2025-11-04 08:58:12,644 [INFO] PluginManager:220 - loadIPPluginJar : add quadspi
2025-11-04 08:58:12,683 [INFO] IPUIPlugin:80 - create IPUIPlugin
2025-11-04 08:58:12,695 [INFO] PluginManager:220 - loadIPPluginJar : add radio
2025-11-04 08:58:12,729 [INFO] IPUIPlugin:80 - create IPUIPlugin
2025-11-04 08:58:12,749 [INFO] PluginManager:220 - loadIPPluginJar : add resmgrutility
2025-11-04 08:58:12,782 [INFO] IPUIPlugin:80 - create IPUIPlugin
2025-11-04 08:58:12,793 [INFO] PluginManager:220 - loadIPPluginJar : add sai
2025-11-04 08:58:12,838 [INFO] IPUIPlugin:80 - create IPUIPlugin
2025-11-04 08:58:12,853 [INFO] PluginManager:220 - loadIPPluginJar : add spi
2025-11-04 08:58:12,896 [INFO] IPUIPlugin:80 - create IPUIPlugin
2025-11-04 08:58:12,906 [INFO] PluginManager:220 - loadIPPluginJar : add stm32_wpan
2025-11-04 08:58:12,935 [INFO] IPUIPlugin:80 - create IPUIPlugin
2025-11-04 08:58:12,948 [INFO] PluginManager:220 - loadIPPluginJar : add tim
2025-11-04 08:58:12,973 [INFO] IPUIPlugin:80 - create IPUIPlugin
2025-11-04 08:58:13,013 [INFO] PluginManager:220 - loadIPPluginJar : add touchsensing
2025-11-04 08:58:13,048 [INFO] IPUIPlugin:80 - create IPUIPlugin
2025-11-04 08:58:13,061 [INFO] PluginManager:220 - loadIPPluginJar : add tracer_emb
2025-11-04 08:58:13,111 [INFO] IPUIPlugin:80 - create IPUIPlugin
2025-11-04 08:58:13,143 [INFO] PluginManager:220 - loadIPPluginJar : add ts
2025-11-04 08:58:13,174 [INFO] IPUIPlugin:80 - create IPUIPlugin
2025-11-04 08:58:13,182 [INFO] PluginManager:220 - loadIPPluginJar : add tsc
2025-11-04 08:58:13,210 [INFO] IPUIPlugin:80 - create IPUIPlugin
2025-11-04 08:58:13,243 [INFO] PluginManager:220 - loadIPPluginJar : add ucpd
2025-11-04 08:58:13,294 [INFO] IPUIPlugin:80 - create IPUIPlugin
2025-11-04 08:58:13,323 [INFO] PluginManager:220 - loadIPPluginJar : add usart
2025-11-04 08:58:13,358 [INFO] IPUIPlugin:80 - create IPUIPlugin
2025-11-04 08:58:13,380 [INFO] PluginManager:220 - loadIPPluginJar : add usbx
2025-11-04 08:58:13,605 [FATAL] Updater:351 - Updater called before beeing initialized
2025-11-04 08:58:13,654 [INFO] RulesReader:64 - Compatibility file has been processed (302 Rules)
2025-11-04 08:58:13,689 [INFO] RulesReader:64 - Compatibility file has been processed (302 Rules)
2025-11-04 08:58:13,710 [INFO] CADModel:165 - CPN selected for project level
2025-11-04 08:58:13,721 [INFO] CADModel:114 - Register for checkConnection events
2025-11-04 08:58:13,734 [FATAL] Updater:351 - Updater called before beeing initialized
2025-11-04 08:58:13,763 [ERROR] CADModel:125 - Updater not yet initialized, retry later 
2025-11-04 08:58:14,135 [FATAL] Updater:351 - Updater called before beeing initialized
2025-11-04 08:58:14,153 [INFO] CADModel:165 - CPN selected for project level
2025-11-04 08:58:14,163 [INFO] CADModel:114 - Register for checkConnection events
2025-11-04 08:58:14,187 [FATAL] Updater:351 - Updater called before beeing initialized
2025-11-04 08:58:14,237 [ERROR] CADModel:125 - Updater not yet initialized, retry later 
2025-11-04 08:58:14,265 [FATAL] Updater:351 - Updater called before beeing initialized
2025-11-04 08:58:14,616 [FATAL] Updater:351 - Updater called before beeing initialized
2025-11-04 08:58:14,668 [INFO] DbMcusAds:53 - JSON generation date=Thu Oct 02 11:36:05 CEST 2025 (1759397765645)
2025-11-04 08:58:14,675 [FATAL] Updater:351 - Updater called before beeing initialized
2025-11-04 08:58:14,841 [WARN] DetailPanel:346 - Failed to get advertising image, set to default
2025-11-04 08:58:15,410 [INFO] ThirdPartyUpdaterWithRetryManager:70 - Updater plugin not ready yet. [3/15]
2025-11-04 08:58:15,479 [FATAL] Updater:351 - Updater called before beeing initialized
2025-11-04 08:58:15,606 [FATAL] Updater:351 - Updater called before beeing initialized
2025-11-04 08:58:15,622 [FATAL] Updater:351 - Updater called before beeing initialized
2025-11-04 08:58:15,637 [WARN] DetailPanel:346 - Failed to get advertising image, set to default
2025-11-04 08:58:15,648 [FATAL] Updater:351 - Updater called before beeing initialized
2025-11-04 08:58:15,731 [ERROR] Updater:1198 - MainUpdater not yet initialized. External WinMGr cannot be set.
2025-11-04 08:58:15,790 [INFO] Updater:1134 - Updater Version found : 6.14.1
2025-11-04 08:58:15,822 [INFO] ApplicationProperties:184 - Using Application install path: C:\ST\STM32CubeIDE_1.18.1\STM32CubeIDE\plugins\com.st.stm32cube.common.mx_6.14.1.202504091515
2025-11-04 08:58:16,406 [INFO] MainUpdater:2872 - connection check result : 10
2025-11-04 08:58:16,453 [INFO] MainUpdater:3566 - Updater definition file requires update
2025-11-04 08:58:16,474 [INFO] MainUpdater:289 - Updater Check For Update Now.
2025-11-04 08:58:16,482 [INFO] MicroXplorer:498 - Change Database Version : DB.6.0.141
2025-11-04 08:58:17,374 [INFO] ServerAccessManage:473 - Download File updaters.zip
2025-11-04 08:58:17,383 [INFO] McuFinderGlobals:63 - Set McuFinder mode to 2 (CubeIDE integrated)
2025-11-04 08:58:17,417 [INFO] UserAuth:484 - Internet connection configuration mode: 1
2025-11-04 08:58:17,481 [INFO] JxBrowserEngine:152 - Initiate JxBrowser Engine with user profile folder
2025-11-04 08:58:17,637 [INFO] FileExtend:242 - Unzip File : updaters.zip
2025-11-04 08:58:17,684 [INFO] FileExtend:257 - Standard Zip Deflate
2025-11-04 08:58:18,426 [WARN] MainUpdater:1193 - Updater busy. Cannot search thirdparties
2025-11-04 08:58:18,440 [INFO] ThirdPartyUpdaterWithRetryManager:96 - Updater plugin is busy. [1/15]
2025-11-04 08:58:19,279 [INFO] ServerAccessManage:473 - Download File PacksControlFlags.xml
2025-11-04 08:58:19,510 [INFO] ServerAccessManage:473 - Download File cubemx.pidx
2025-11-04 08:58:20,781 [INFO] ServerAccessManage:473 - Download File STMicroelectronics.X-CUBE-GNSS1.pdsc
2025-11-04 08:58:21,459 [WARN] MainUpdater:1193 - Updater busy. Cannot search thirdparties
2025-11-04 08:58:21,478 [INFO] ThirdPartyUpdaterWithRetryManager:96 - Updater plugin is busy. [2/15]
2025-11-04 08:58:22,726 [ERROR] ServerAccessManage:1089 - Problem, file not found on Server
2025-11-04 08:58:23,096 [ERROR] ServerAccessManage:1089 - Problem, file not found on Server
2025-11-04 08:58:23,273 [INFO] WebApp:169 - Instantiating new browser for Auth
2025-11-04 08:58:23,351 [ERROR] ServerAccessManage:1089 - Problem, file not found on Server
2025-11-04 08:58:23,620 [ERROR] ServerAccessManage:1089 - Problem, file not found on Server
2025-11-04 08:58:23,859 [ERROR] ServerAccessManage:1089 - Problem, file not found on Server
2025-11-04 08:58:24,115 [ERROR] ServerAccessManage:1089 - Problem, file not found on Server
2025-11-04 08:58:24,493 [WARN] MainUpdater:1193 - Updater busy. Cannot search thirdparties
2025-11-04 08:58:24,514 [INFO] ThirdPartyUpdaterWithRetryManager:96 - Updater plugin is busy. [3/15]
2025-11-04 08:58:25,550 [WARN] PackLoader:240 - Cannot read IP mode file for STMicroelectronics.X-CUBE-GNSS1.7.1.0
2025-11-04 08:58:25,569 [INFO] PopulateThirdPartyThread:66 - Ending populate Thread
2025-11-04 08:58:25,591 [INFO] ThirdParty:1030 - CMSIS Pack Vendor :STMicroelectronics X-CUBE-GNSS1 7.1.0
2025-11-04 08:58:25,607 [INFO] LoadServerUpdatesThread:375 - End of LoadServerUpdate Thread
2025-11-04 08:58:25,755 [INFO] CheckServerUpdateThread:120 - End of CheckServer Thread
2025-11-04 08:58:28,671 [WARN] PackLoader:240 - Cannot read IP mode file for STMicroelectronics.FP-SNS-MOTENVWB1.1.4.0
2025-11-04 08:58:28,701 [WARN] PackLoader:240 - Cannot read IP mode file for STMicroelectronics.FP-ATR-ASTRA1.2.0.2
2025-11-04 08:58:28,718 [WARN] PackLoader:240 - Cannot read IP mode file for STMicroelectronics.FP-ATR-ASTRA1.2.0.1
2025-11-04 08:58:28,753 [WARN] PackLoader:240 - Cannot read IP mode file for STMicroelectronics.X-CUBE-SMBUS.2.1.0
2025-11-04 08:58:28,773 [WARN] PackLoader:240 - Cannot read IP mode file for STMicroelectronics.X-CUBE-WB05N.1.1.0
2025-11-04 08:58:28,830 [WARN] PackLoader:240 - Cannot read IP mode file for STMicroelectronics.X-CUBE-ST60.1.0.0
2025-11-04 08:58:28,895 [WARN] PackLoader:240 - Cannot read IP mode file for STMicroelectronics.X-CUBE-AZRTOS-F7.1.1.0
2025-11-04 08:58:29,030 [WARN] PackLoader:240 - Cannot read IP mode file for STMicroelectronics.X-CUBE-MEMS1.11.0.0
2025-11-04 08:58:29,319 [ERROR] Engine:466 - C:\Users\jachanya\.stm32cubemx\thirdparties\pdsc\STMicroelectronics.FP-SNS-MOTENV1.5.1.0.pdsc: PDSC version is not supported
2025-11-04 08:58:29,366 [WARN] PackLoader:240 - Cannot read IP mode file for STMicroelectronics.FP-SNS-FLIGHT1.5.0.2
2025-11-04 08:58:29,421 [WARN] PackLoader:240 - Cannot read IP mode file for STMicroelectronics.X-CUBE-AZRTOS-H7.3.4.0
2025-11-04 08:58:29,453 [WARN] PackLoader:240 - Cannot read IP mode file for STMicroelectronics.X-CUBE-DISPLAY.3.0.0
2025-11-04 08:58:29,485 [WARN] PackLoader:240 - Cannot read IP mode file for STMicroelectronics.X-CUBE-BLE1.7.0.0
2025-11-04 08:58:29,510 [WARN] PackLoader:240 - Cannot read IP mode file for STMicroelectronics.X-CUBE-NFC10.1.0.0
2025-11-04 08:58:29,550 [WARN] PackLoader:240 - Cannot read IP mode file for STMicroelectronics.X-CUBE-BLEMGR.4.0.0
2025-11-04 08:58:29,580 [WARN] PackLoader:240 - Cannot read IP mode file for STMicroelectronics.X-CUBE-ST60.1.1.0
2025-11-04 08:58:29,614 [WARN] PackLoader:240 - Cannot read IP mode file for emotas.I-CUBE-CANOPEN.1.3.0
2025-11-04 08:58:29,642 [WARN] PackLoader:240 - Cannot read IP mode file for STMicroelectronics.X-CUBE-GNSS1.7.1.0
2025-11-04 08:58:29,665 [WARN] PackLoader:240 - Cannot read IP mode file for STMicroelectronics.X-CUBE-BLEMGR.3.1.0
2025-11-04 08:58:29,685 [WARN] PackLoader:240 - Cannot read IP mode file for STMicroelectronics.X-CUBE-AI.10.0.0
2025-11-04 08:58:29,707 [ERROR] Engine:466 - C:\Users\jachanya\.stm32cubemx\thirdparties\pdsc\STMicroelectronics.FP-SNS-STBOX1.2.1.0.pdsc: PDSC version is not supported
2025-11-04 08:58:29,738 [WARN] PackLoader:240 - Cannot read IP mode file for STMicroelectronics.FP-SNS-SMARTAG2.1.2.0
2025-11-04 08:58:29,759 [WARN] PackLoader:240 - Cannot read IP mode file for STMicroelectronics.FP-SNS-FLIGHT1.5.1.0
2025-11-04 08:58:29,799 [INFO] LogOutputStream:77 - [STDOUT_REDIRECT] 1 : Invalid condition id : UX_CORESTACK_Condition cause : null
2025-11-04 08:58:29,825 [INFO] LogOutputStream:77 - [STDOUT_REDIRECT] 1 : Invalid condition id : UX_CORESTACK_Condition cause : null
2025-11-04 08:58:29,836 [INFO] LogOutputStream:77 - [STDOUT_REDIRECT] 1 : Invalid condition id : UX_CORESTACK_Condition cause : null
2025-11-04 08:58:29,850 [INFO] LogOutputStream:77 - [STDOUT_REDIRECT] 1 : Invalid condition id : UX_CORESTACK_Condition cause : null
2025-11-04 08:58:29,865 [INFO] LogOutputStream:77 - [STDOUT_REDIRECT] 1 : Invalid condition id : UX_CORESTACK_Condition cause : null
2025-11-04 08:58:29,882 [WARN] PackLoader:240 - Cannot read IP mode file for STMicroelectronics.X-CUBE-AZRTOS-WL.2.0.0
2025-11-04 08:58:29,963 [WARN] PackLoader:240 - Cannot read IP mode file for STMicroelectronics.FP-SNS-MOTENV1.5.0.0
2025-11-04 08:58:30,055 [WARN] PackLoader:240 - Cannot read IP mode file for wolfSSL.I-CUBE-wolfMQTT.1.19.0
2025-11-04 08:58:30,119 [WARN] PackLoader:240 - Cannot read IP mode file for WES.I-CUBE-Cesium.1.3.0
2025-11-04 08:58:30,164 [WARN] PackLoader:240 - Cannot read IP mode file for STMicroelectronics.X-CUBE-BLE2.3.3.0
2025-11-04 08:58:30,215 [WARN] PackLoader:240 - Cannot read IP mode file for STMicroelectronics.X-CUBE-NFC9.1.0.0
2025-11-04 08:58:30,293 [WARN] PackLoader:240 - Cannot read IP mode file for STMicroelectronics.X-CUBE-BLE1.7.1.0
2025-11-04 08:58:30,329 [WARN] PackLoader:240 - Cannot read IP mode file for STMicroelectronics.X-CUBE-TCPP.4.1.0
2025-11-04 08:58:30,367 [WARN] PackLoader:240 - Cannot read IP mode file for STMicroelectronics.X-CUBE-EEPRMA1.5.2.0
2025-11-04 08:58:30,387 [ERROR] Engine:466 - C:\Users\jachanya\.stm32cubemx\thirdparties\pdsc\STMicroelectronics.X-CUBE-ST67W61.1.1.0.pdsc: PDSC version is not supported
2025-11-04 08:58:30,475 [WARN] PackLoader:240 - Cannot read IP mode file for STMicroelectronics.X-CUBE-MEMS1.11.2.0
2025-11-04 08:58:30,667 [WARN] PackLoader:240 - Cannot read IP mode file for STMicroelectronics.X-CUBE-AZRTOS-G0.1.1.0
2025-11-04 08:58:30,704 [WARN] PackLoader:240 - Cannot read IP mode file for STMicroelectronics.X-CUBE-SAFEA1.1.2.2
2025-11-04 08:58:30,735 [WARN] PackLoader:240 - Cannot read IP mode file for STMicroelectronics.X-CUBE-NFC4.3.0.0
2025-11-04 08:58:30,771 [WARN] PackLoader:240 - Cannot read IP mode file for EmbeddedOffice.I-CUBE-FS-RTOS.1.0.1
2025-11-04 08:58:30,793 [WARN] PackLoader:240 - Cannot read IP mode file for STMicroelectronics.X-CUBE-WB05N.2.0.0
2025-11-04 08:58:30,870 [WARN] PackLoader:240 - Cannot read IP mode file for STMicroelectronics.X-CUBE-TCPP.4.2.0
2025-11-04 08:58:30,911 [WARN] PackLoader:240 - Cannot read IP mode file for RealThread.X-CUBE-RT-Thread_Nano.4.1.1
2025-11-04 08:58:30,944 [WARN] PackLoader:240 - Cannot read IP mode file for STMicroelectronics.FP-ATR-SIGFOX1.3.2.0
2025-11-04 08:58:30,996 [WARN] PackLoader:240 - Cannot read IP mode file for wolfSSL.I-CUBE-wolfSSL.5.7.2
2025-11-04 08:58:31,031 [WARN] ConditionMgr:438 - getConditionDescription Invalid condition id : Cortex-A Device cause : null
2025-11-04 08:58:31,064 [WARN] ConditionMgr:1044 - genDependencies : Invalid condition id : Cortex-A Device cause : null
2025-11-04 08:58:31,071 [WARN] ConditionMgr:1044 - genDependencies : Invalid condition id : Cortex-A Device cause : null
2025-11-04 08:58:31,109 [WARN] ConditionMgr:1044 - genDependencies : Invalid condition id : Cortex-A Device cause : null
2025-11-04 08:58:31,160 [WARN] PackLoader:240 - Cannot read IP mode file for STMicroelectronics.X-CUBE-EEPRMA1.5.1.0
2025-11-04 08:58:31,208 [WARN] PackLoader:240 - Cannot read IP mode file for ITTIA_DB.I-CUBE-ITTIADB.8.9.0
2025-11-04 08:58:31,436 [WARN] PackLoader:240 - Cannot read IP mode file for STMicroelectronics.X-CUBE-ST67W61.1.0.0
2025-11-04 08:58:31,471 [WARN] PackLoader:240 - Cannot read IP mode file for STMicroelectronics.X-CUBE-AI.10.2.0
2025-11-04 08:58:31,530 [WARN] PackLoader:240 - Cannot read IP mode file for SEGGER.I-CUBE-embOS.1.3.1
2025-11-04 08:58:31,617 [WARN] PackLoader:240 - Cannot read IP mode file for STMicroelectronics.X-CUBE-ALGOBUILD.1.4.0
2025-11-04 08:58:31,836 [WARN] PackLoader:240 - Cannot read IP mode file for STMicroelectronics.X-CUBE-MEMS1.11.3.0
2025-11-04 08:58:32,098 [WARN] PackLoader:240 - Cannot read IP mode file for STMicroelectronics.X-CUBE-AI.9.1.0
2025-11-04 08:58:32,141 [WARN] PackLoader:240 - Cannot read IP mode file for STMicroelectronics.X-CUBE-PM33A1.1.0.0
2025-11-04 08:58:32,233 [WARN] PackLoader:240 - Cannot read IP mode file for STMicroelectronics.X-CUBE-GNSS1.6.0.0
2025-11-04 08:58:32,293 [WARN] PackLoader:240 - Cannot read IP mode file for STMicroelectronics.X-CUBE-AZRTOS-F4.1.1.0
2025-11-04 08:58:32,344 [WARN] PackLoader:240 - Cannot read IP mode file for Avnet-IotConnect.X-CUBE-IoTC-DA16k-PMOD.1.0.0
2025-11-04 08:58:32,379 [WARN] PackLoader:240 - Cannot read IP mode file for STMicroelectronics.X-CUBE-ISPU.2.1.0
2025-11-04 08:58:32,423 [ERROR] Engine:466 - C:\Users\jachanya\.stm32cubemx\thirdparties\pdsc\STMicroelectronics.X-CUBE-IPS.3.2.0.pdsc: PDSC version is not supported
2025-11-04 08:58:32,462 [WARN] PackLoader:240 - Cannot read IP mode file for STMicroelectronics.X-CUBE-FREERTOS.1.2.0
2025-11-04 08:58:32,498 [INFO] WebApp:463 - Apply proxy settings
2025-11-04 08:58:32,526 [WARN] PackLoader:240 - Cannot read IP mode file for STMicroelectronics.X-CUBE-NFC12.1.0.0
2025-11-04 08:58:32,533 [INFO] WebApp:548 - Chromium requires no authentication
2025-11-04 08:58:32,591 [WARN] PackLoader:240 - Cannot read IP mode file for STMicroelectronics.X-CUBE-AZRTOS-L5.2.0.0
2025-11-04 08:58:32,611 [INFO] WebApp:491 - Direct internet connection detected
2025-11-04 08:58:32,640 [WARN] PackLoader:240 - Cannot read IP mode file for STMicroelectronics.X-CUBE-NFC6.3.1.0
2025-11-04 08:58:32,675 [WARN] PackLoader:240 - Cannot read IP mode file for STMicroelectronics.X-CUBE-DPower.1.2.0
2025-11-04 08:58:32,685 [INFO] WebApp:894 - Register for checkConnection events
2025-11-04 08:58:32,693 [INFO] WebApp:463 - Apply proxy settings
2025-11-04 08:58:32,694 [WARN] PackLoader:240 - Cannot read IP mode file for STMicroelectronics.X-CUBE-AI.9.0.0
2025-11-04 08:58:32,712 [INFO] WebApp:548 - Chromium requires no authentication
2025-11-04 08:58:32,740 [WARN] PackLoader:240 - Cannot read IP mode file for STMicroelectronics.X-CUBE-FREERTOS.1.3.1
2025-11-04 08:58:32,740 [INFO] WebApp:491 - Direct internet connection detected
2025-11-04 08:58:32,786 [WARN] PackLoader:240 - Cannot read IP mode file for STMicroelectronics.X-CUBE-NFC7.1.0.1
2025-11-04 08:58:32,832 [WARN] PackLoader:240 - Cannot read IP mode file for wolfSSL.I-CUBE-wolfTPM.3.2.0
2025-11-04 08:58:32,858 [WARN] PackLoader:240 - Cannot read IP mode file for STMicroelectronics.X-CUBE-TOUCHGFX.4.26.0
2025-11-04 08:58:32,880 [WARN] PackLoader:240 - Cannot read IP mode file for STMicroelectronics.FP-SNS-STAIOTCFT.1.0.0
2025-11-04 08:58:32,918 [WARN] PackLoader:240 - Cannot read IP mode file for STMicroelectronics.X-CUBE-DPower.1.3.0
2025-11-04 08:58:32,960 [WARN] ConditionMgr:438 - getConditionDescription Invalid condition id : LAN8742 Phy interface Condition cause : null
2025-11-04 08:58:32,985 [WARN] PackLoader:240 - Cannot read IP mode file for STMicroelectronics.X-CUBE-AZRTOS-L4.2.0.0
2025-11-04 08:58:33,018 [WARN] ConditionMgr:1044 - genDependencies : Invalid condition id : LAN8742 Phy interface Condition cause : null
2025-11-04 08:58:33,048 [WARN] ConditionMgr:1044 - genDependencies : Invalid condition id : LAN8742 Phy interface Condition cause : null
2025-11-04 08:58:33,074 [WARN] ConditionMgr:1044 - genDependencies : Invalid condition id : LAN8742 Phy interface Condition cause : null
2025-11-04 08:58:33,102 [INFO] WebApp:191 - Connection restablished
2025-11-04 08:58:33,157 [WARN] PackLoader:240 - Cannot read IP mode file for STMicroelectronics.X-CUBE-SFXS2LP1.4.0.0
2025-11-04 08:58:33,175 [INFO] WebApp:225 - Starting web application
2025-11-04 08:58:33,209 [INFO] WebApp:593 - Web application path used C:\ST\STM32CubeIDE_1.18.1\STM32CubeIDE\plugins\com.st.stm32cube.common.mx_6.14.1.202504091515\db\plugins\mcufinder\reactClient1\index.html
2025-11-04 08:58:33,223 [WARN] PackLoader:240 - Cannot read IP mode file for STMicroelectronics.X-CUBE-AZRTOS-H7.3.3.0
2025-11-04 08:58:33,332 [WARN] PackLoader:240 - Cannot read IP mode file for STMicroelectronics.X-CUBE-BLEMGR.4.1.0
2025-11-04 08:58:33,415 [WARN] PackLoader:240 - Cannot read IP mode file for STMicroelectronics.X-CUBE-IPS.3.0.0
2025-11-04 08:58:33,543 [WARN] ConditionMgr:438 - getConditionDescription Invalid condition id : UX DEVICE CLASS RTOS Condition cause : null
2025-11-04 08:58:33,557 [WARN] ConditionMgr:438 - getConditionDescription Invalid condition id : UX DEVICE CLASS RTOS Condition cause : null
2025-11-04 08:58:33,585 [WARN] PackLoader:240 - Cannot read IP mode file for STMicroelectronics.X-CUBE-AZRTOS-WB.2.0.0
2025-11-04 08:58:33,606 [WARN] ConditionMgr:1044 - genDependencies : Invalid condition id : UX DEVICE CLASS RTOS Condition cause : null
2025-11-04 08:58:33,622 [WARN] ConditionMgr:1044 - genDependencies : Invalid condition id : UX DEVICE CLASS RTOS Condition cause : null
2025-11-04 08:58:33,649 [WARN] ConditionMgr:1044 - genDependencies : Invalid condition id : UX DEVICE CLASS RTOS Condition cause : null
2025-11-04 08:58:33,664 [WARN] ConditionMgr:1044 - genDependencies : Invalid condition id : UX DEVICE CLASS RTOS Condition cause : null
2025-11-04 08:58:33,694 [WARN] ConditionMgr:1044 - genDependencies : Invalid condition id : UX DEVICE CLASS RTOS Condition cause : null
2025-11-04 08:58:33,751 [WARN] PackLoader:240 - Cannot read IP mode file for STMicroelectronics.X-CUBE-GNSS1.7.0.0
2025-11-04 08:58:33,835 [WARN] PackLoader:240 - Cannot read IP mode file for STMicroelectronics.X-CUBE-GNSS1.7.0.1
2025-11-04 08:58:33,897 [WARN] PackLoader:240 - Cannot read IP mode file for STMicroelectronics.X-CUBE-TOUCHGFX.4.25.0
2025-11-04 08:58:33,967 [WARN] PackLoader:240 - Cannot read IP mode file for STMicroelectronics.FP-SNS-STBOX1.2.0.0
2025-11-04 08:58:34,040 [WARN] PackLoader:240 - Cannot read IP mode file for STMicroelectronics.X-CUBE-SUBG2.5.0.0
2025-11-04 08:58:34,110 [WARN] PackLoader:240 - Cannot read IP mode file for STMicroelectronics.X-CUBE-AZRTOS-H7RS.1.1.0
2025-11-04 08:58:34,145 [WARN] PackLoader:240 - Cannot read IP mode file for Cesanta.I-CUBE-Mongoose.7.13.0
2025-11-04 08:58:34,186 [WARN] PackLoader:240 - Cannot read IP mode file for STMicroelectronics.X-CUBE-AZRTOS-G4.2.0.0
2025-11-04 08:58:34,247 [WARN] PackLoader:240 - Cannot read IP mode file for STMicroelectronics.X-CUBE-NFC7.2.0.0
2025-11-04 08:58:34,286 [WARN] PackLoader:240 - Cannot read IP mode file for STMicroelectronics.X-CUBE-ISPU.2.0.0
2025-11-04 08:58:34,341 [WARN] PackLoader:240 - Cannot read IP mode file for STMicroelectronics.X-CUBE-IPS.3.1.0
2025-11-04 08:58:34,395 [WARN] PackLoader:240 - Cannot read IP mode file for STMicroelectronics.X-CUBE-ALS.1.0.2
2025-11-04 08:58:34,456 [WARN] PackLoader:240 - Cannot read IP mode file for STMicroelectronics.X-CUBE-MEMS1.10.0.0
2025-11-04 08:58:34,469 [INFO] UserAuth:484 - Internet connection configuration mode: 1
2025-11-04 08:58:34,707 [WARN] PackLoader:240 - Cannot read IP mode file for STMicroelectronics.X-CUBE-TOUCHGFX.4.24.0
2025-11-04 08:58:34,818 [WARN] PackLoader:240 - Cannot read IP mode file for STMicroelectronics.X-CUBE-TOUCHGFX.4.24.1
2025-11-04 08:58:34,888 [WARN] PackLoader:240 - Cannot read IP mode file for STMicroelectronics.X-CUBE-STSE01.1.0.0
2025-11-04 08:58:34,961 [WARN] PackLoader:240 - Cannot read IP mode file for portGmbH.I-Cube-SoM-uGOAL.1.1.0
2025-11-04 08:58:34,996 [WARN] PackLoader:240 - Cannot read IP mode file for STMicroelectronics.X-CUBE-AZRTOS-H7RS.1.0.0
2025-11-04 08:58:35,037 [WARN] PackLoader:240 - Cannot read IP mode file for STMicroelectronics.FP-ATR-ASTRA1.2.0.0
2025-11-04 08:58:35,075 [WARN] PackLoader:240 - Cannot read IP mode file for STMicroelectronics.X-CUBE-TOF1.3.4.2
2025-11-04 08:58:35,125 [WARN] PackLoader:240 - Cannot read IP mode file for STMicroelectronics.X-CUBE-TOF1.3.4.3
2025-11-04 08:58:35,171 [WARN] PackLoader:240 - Cannot read IP mode file for STMicroelectronics.X-CUBE-TOF1.3.4.1
2025-11-04 08:58:35,223 [WARN] PackLoader:240 - Cannot read IP mode file for STMicroelectronics.X-CUBE-AZRTOS-H7.3.2.0
2025-11-04 08:58:35,267 [WARN] PackLoader:240 - Cannot read IP mode file for Infineon.AIROC-Wi-Fi-Bluetooth-STM32.1.6.0
2025-11-04 08:58:35,325 [WARN] PackLoader:240 - Cannot read IP mode file for wolfSSL.I-CUBE-wolfSSH.1.4.17
2025-11-04 08:58:35,345 [INFO] ThirdParty:978 - Integrity check success = true
2025-11-04 08:58:35,369 [INFO] IntegrityCheckThread:100 - exiting critical section [integrity check]
2025-11-04 08:58:35,402 [INFO] IntegrityCheckThread:103 - End integrity checks thread
2025-11-04 09:08:14,278 [INFO] McuFinderGlobals:63 - Set McuFinder mode to 2 (CubeIDE integrated)
2025-11-04 09:08:15,780 [INFO] MainUpdater:2872 - connection check result : 10
2025-11-04 09:08:15,843 [INFO] MainUpdater:2872 - connection check result : 10
2025-11-04 09:08:16,066 [INFO] MicroXplorer:468 - Change Database Path : 
2025-11-04 09:08:16,075 [INFO] MicroXplorer:498 - Change Database Version : DB.6.0.141
2025-11-04 09:08:16,116 [WARN] ThirdParty:871 - waiting for thirdparty lock release [close project]
2025-11-04 09:08:16,123 [INFO] ThirdParty:873 - entering critical section [close project]
2025-11-04 09:08:16,161 [INFO] ThirdParty:883 - exiting critical section [close project]
2025-11-04 09:08:16,179 [INFO] PinOutPanel:1589 - setPackage(No Configuration,No Configuration)
2025-11-04 09:08:16,227 [INFO] UtilMem:75 - Begin LoadConfig() Used Memory: 702472312 Bytes (1073741824)
2025-11-04 09:08:16,252 [INFO] MicroXplorer:468 - Change Database Path : 
2025-11-04 09:08:16,262 [INFO] MicroXplorer:498 - Change Database Version : DB.6.0.141
2025-11-04 09:08:16,281 [INFO] OpenFileManager:354 - Change cursor
2025-11-04 09:08:16,518 [INFO] Mcu:2011 - Initializing MCU STM32H723ZGTx STM32H723ZGTx STM32H723ZGT6
2025-11-04 09:08:23,414 [INFO] Context:756 - Trying to add GPIOservice into a context  which must be forbidden
2025-11-04 09:08:25,981 [INFO] ImportTextPane:218 - (OptionalMessage_ERROR) Pin11 (VP_RIF_VS_RIF1) cannot be retrieved for this MCU
2025-11-04 09:08:26,507 [INFO] RtosManager:558 - Registered RTOS mode: class=CMSIS, group=RTOS, mode=CMSIS_V1, owner=FREERTOS
2025-11-04 09:08:26,552 [INFO] RtosManager:558 - Registered RTOS mode: class=CMSIS, group=RTOS2, mode=CMSIS_V2, owner=FREERTOS
2025-11-04 09:08:26,589 [INFO] RtosManager:558 - Registered RTOS mode: class=RTOS, group=Core, mode=CMSIS_V1, owner=FREERTOS
2025-11-04 09:08:26,648 [INFO] RtosManager:558 - Registered RTOS mode: class=RTOS, group=Core, mode=CMSIS_V2, owner=FREERTOS
2025-11-04 09:08:26,690 [WARN] ModelIntegratedComponent:184 - Missing modes for component STMicroelectronics:FreeRTOS:0.0.1:STMicroelectronics:RTOS:FreeRTOS:Core:::10.2.0:
2025-11-04 09:08:26,760 [WARN] ModelIntegratedComponent:63 - No mode defined for component null
2025-11-04 09:08:26,795 [WARN] ModelIntegratedComponent:63 - No mode defined for component null
2025-11-04 09:08:26,815 [WARN] ModelIntegratedComponent:63 - No mode defined for component null
2025-11-04 09:08:26,829 [WARN] ModelIntegratedComponent:63 - No mode defined for component null
2025-11-04 09:08:26,857 [WARN] ModelIntegratedComponent:63 - No mode defined for component null
2025-11-04 09:08:26,888 [WARN] ModelIntegratedComponent:63 - No mode defined for component null
2025-11-04 09:08:26,899 [WARN] ModelIntegratedComponent:63 - No mode defined for component null
2025-11-04 09:08:26,919 [WARN] ModelIntegratedComponent:63 - No mode defined for component null
2025-11-04 09:08:26,929 [WARN] ModelIntegratedComponent:63 - No mode defined for component null
2025-11-04 09:08:26,961 [WARN] ModelIntegratedComponent:63 - No mode defined for component null
2025-11-04 09:08:26,994 [WARN] ModelIntegratedComponent:63 - No mode defined for component null
2025-11-04 09:08:27,005 [WARN] ModelIntegratedComponent:63 - No mode defined for component null
2025-11-04 09:08:27,038 [WARN] ModelIntegratedComponent:63 - No mode defined for component null
2025-11-04 09:08:27,065 [WARN] ModelIntegratedComponent:63 - No mode defined for component null
2025-11-04 09:08:27,073 [WARN] ModelIntegratedComponent:63 - No mode defined for component null
2025-11-04 09:08:27,106 [WARN] ModelIntegratedComponent:63 - No mode defined for component null
2025-11-04 09:08:27,180 [WARN] ModelIntegratedComponent:63 - No mode defined for component null
2025-11-04 09:08:27,202 [WARN] ModelIntegratedComponent:63 - No mode defined for component null
2025-11-04 09:08:27,220 [WARN] ModelIntegratedComponent:63 - No mode defined for component null
2025-11-04 09:08:27,238 [WARN] ModelIntegratedComponent:63 - No mode defined for component null
2025-11-04 09:08:27,253 [WARN] ModelIntegratedComponent:63 - No mode defined for component null
2025-11-04 09:08:27,275 [WARN] ModelIntegratedComponent:63 - No mode defined for component null
2025-11-04 09:08:27,290 [WARN] ModelIntegratedComponent:63 - No mode defined for component null
2025-11-04 09:08:27,340 [WARN] ModelIntegratedComponent:63 - No mode defined for component null
2025-11-04 09:08:27,359 [WARN] ModelIntegratedComponent:63 - No mode defined for component null
2025-11-04 09:08:27,382 [WARN] ModelIntegratedComponent:63 - No mode defined for component null
2025-11-04 09:08:27,451 [WARN] ModelIntegratedComponent:63 - No mode defined for component null
2025-11-04 09:08:27,493 [WARN] ModelIntegratedComponent:63 - No mode defined for component null
2025-11-04 09:08:27,504 [WARN] ModelIntegratedComponent:63 - No mode defined for component null
2025-11-04 09:08:27,512 [WARN] ModelIntegratedComponent:63 - No mode defined for component null
2025-11-04 09:08:27,520 [WARN] ModelIntegratedComponent:63 - No mode defined for component null
2025-11-04 09:08:27,543 [WARN] ModelIntegratedComponent:63 - No mode defined for component null
2025-11-04 09:08:27,571 [WARN] ModelIntegratedComponent:63 - No mode defined for component null
2025-11-04 09:08:27,587 [WARN] ModelIntegratedComponent:63 - No mode defined for component null
2025-11-04 09:08:27,602 [WARN] ModelIntegratedComponent:63 - No mode defined for component null
2025-11-04 09:08:27,634 [WARN] ModelPack:524 - Component already loaded: STMicroelectronics:HAL Drivers:0.0.0:STMicroelectronics:Device:STMicro_Driver:XSPI:HAL::0.0.1:HAL_XSPI
2025-11-04 09:08:27,695 [WARN] ModelIntegratedComponent:182 - Modes not found for component STMicroelectronics:USB_DEVICE:1.0.0:STMicroelectronics:USB::USB Device:Audio FS::1.0:USB_DEVICE_1_0_RESTRICTED_FS
2025-11-04 09:08:27,703 [WARN] ModelIntegratedComponent:188 - Modes not found for component STMicroelectronics:USB_DEVICE:1.0.0:STMicroelectronics:USB::USB Device:Audio FS::1.0:USB_DEVICE_1_0_RESTRICTED_FS
2025-11-04 09:08:27,706 [WARN] ModelIntegratedComponent:182 - Modes not found for component STMicroelectronics:USB_DEVICE:1.0.0:STMicroelectronics:USB::USB Device:CDC FS::1.0:USB_DEVICE_1_0_RESTRICTED_FS
2025-11-04 09:08:27,731 [WARN] ModelIntegratedComponent:188 - Modes not found for component STMicroelectronics:USB_DEVICE:1.0.0:STMicroelectronics:USB::USB Device:CDC FS::1.0:USB_DEVICE_1_0_RESTRICTED_FS
2025-11-04 09:08:27,752 [WARN] ModelIntegratedComponent:182 - Modes not found for component STMicroelectronics:USB_DEVICE:1.0.0:STMicroelectronics:USB::USB Device:DFU FS::1.0:USB_DEVICE_1_0_RESTRICTED_FS
2025-11-04 09:08:27,802 [WARN] ModelIntegratedComponent:188 - Modes not found for component STMicroelectronics:USB_DEVICE:1.0.0:STMicroelectronics:USB::USB Device:DFU FS::1.0:USB_DEVICE_1_0_RESTRICTED_FS
2025-11-04 09:08:27,820 [WARN] ModelIntegratedComponent:182 - Modes not found for component STMicroelectronics:USB_DEVICE:1.0.0:STMicroelectronics:USB::USB Device:HID FS::1.0:USB_DEVICE_1_0_RESTRICTED_FS
2025-11-04 09:08:27,831 [WARN] ModelIntegratedComponent:188 - Modes not found for component STMicroelectronics:USB_DEVICE:1.0.0:STMicroelectronics:USB::USB Device:HID FS::1.0:USB_DEVICE_1_0_RESTRICTED_FS
2025-11-04 09:08:27,845 [WARN] ModelIntegratedComponent:182 - Modes not found for component STMicroelectronics:USB_DEVICE:1.0.0:STMicroelectronics:USB::USB Device:Custom HID FS::1.0:USB_DEVICE_1_0_RESTRICTED_FS
2025-11-04 09:08:27,859 [WARN] ModelIntegratedComponent:188 - Modes not found for component STMicroelectronics:USB_DEVICE:1.0.0:STMicroelectronics:USB::USB Device:Custom HID FS::1.0:USB_DEVICE_1_0_RESTRICTED_FS
2025-11-04 09:08:27,926 [WARN] ModelIntegratedComponent:182 - Modes not found for component STMicroelectronics:USB_DEVICE:1.0.0:STMicroelectronics:USB::USB Device:MSC FS::1.0:USB_DEVICE_1_0_RESTRICTED_FS
2025-11-04 09:08:27,944 [WARN] ModelIntegratedComponent:188 - Modes not found for component STMicroelectronics:USB_DEVICE:1.0.0:STMicroelectronics:USB::USB Device:MSC FS::1.0:USB_DEVICE_1_0_RESTRICTED_FS
2025-11-04 09:08:28,114 [WARN] ModelIntegratedComponent:182 - Modes not found for component STMicroelectronics:USB_HOST:1.0.0:STMicroelectronics:USB::USB Host:Audio FS::1.0:USB_HOST_1_0_RESTRICTED_FS
2025-11-04 09:08:28,134 [WARN] ModelIntegratedComponent:188 - Modes not found for component STMicroelectronics:USB_HOST:1.0.0:STMicroelectronics:USB::USB Host:Audio FS::1.0:USB_HOST_1_0_RESTRICTED_FS
2025-11-04 09:08:28,170 [WARN] ModelIntegratedComponent:182 - Modes not found for component STMicroelectronics:USB_HOST:1.0.0:STMicroelectronics:USB::USB Host:CDC FS::1.0:USB_HOST_1_0_RESTRICTED_FS
2025-11-04 09:08:28,206 [WARN] ModelIntegratedComponent:188 - Modes not found for component STMicroelectronics:USB_HOST:1.0.0:STMicroelectronics:USB::USB Host:CDC FS::1.0:USB_HOST_1_0_RESTRICTED_FS
2025-11-04 09:08:28,240 [WARN] ModelIntegratedComponent:182 - Modes not found for component STMicroelectronics:USB_HOST:1.0.0:STMicroelectronics:USB::USB Host:MSC FS::1.0:USB_HOST_1_0_RESTRICTED_FS
2025-11-04 09:08:28,246 [WARN] ModelIntegratedComponent:188 - Modes not found for component STMicroelectronics:USB_HOST:1.0.0:STMicroelectronics:USB::USB Host:MSC FS::1.0:USB_HOST_1_0_RESTRICTED_FS
2025-11-04 09:08:28,261 [WARN] ModelIntegratedComponent:182 - Modes not found for component STMicroelectronics:USB_HOST:1.0.0:STMicroelectronics:USB::USB Host:HID FS::1.0:USB_HOST_1_0_RESTRICTED_FS
2025-11-04 09:08:28,281 [WARN] ModelIntegratedComponent:188 - Modes not found for component STMicroelectronics:USB_HOST:1.0.0:STMicroelectronics:USB::USB Host:HID FS::1.0:USB_HOST_1_0_RESTRICTED_FS
2025-11-04 09:08:28,303 [WARN] ModelIntegratedComponent:182 - Modes not found for component STMicroelectronics:USB_HOST:1.0.0:STMicroelectronics:USB::USB Host:MTP FS::1.0:USB_HOST_1_0_RESTRICTED_FS
2025-11-04 09:08:28,327 [WARN] ModelIntegratedComponent:188 - Modes not found for component STMicroelectronics:USB_HOST:1.0.0:STMicroelectronics:USB::USB Host:MTP FS::1.0:USB_HOST_1_0_RESTRICTED_FS
2025-11-04 09:08:28,656 [INFO] ThirdPartyModel:298 - Start build external matchings
2025-11-04 09:08:32,284 [INFO] ThirdPartyModel:316 - End build external matchings
2025-11-04 09:08:32,369 [WARN] IP:2250 - ClockDivider not found: check if there is a RefParameter without a condition.
2025-11-04 09:08:32,382 [WARN] IP:2250 - ClockDividerCCU not found: check if there is a RefParameter without a condition.
2025-11-04 09:08:32,412 [WARN] IP:2250 - MinOscClkPeriodsCCU not found: check if there is a RefParameter without a condition.
2025-11-04 09:08:32,429 [WARN] IP:2250 - TimeQuantaPerBitTimeCCU not found: check if there is a RefParameter without a condition.
2025-11-04 09:08:32,469 [WARN] IP:2250 - WatchdogStartValueCCU not found: check if there is a RefParameter without a condition.
2025-11-04 09:08:32,507 [WARN] IP:2250 - ClockDivider not found: check if there is a RefParameter without a condition.
2025-11-04 09:08:32,543 [WARN] IP:2250 - ClockDividerCCU not found: check if there is a RefParameter without a condition.
2025-11-04 09:08:32,611 [WARN] IP:2250 - MinOscClkPeriodsCCU not found: check if there is a RefParameter without a condition.
2025-11-04 09:08:32,639 [WARN] IP:2250 - TimeQuantaPerBitTimeCCU not found: check if there is a RefParameter without a condition.
2025-11-04 09:08:32,673 [WARN] IP:2250 - WatchdogStartValueCCU not found: check if there is a RefParameter without a condition.
2025-11-04 09:08:32,709 [INFO] ImportTextPane:218 - (OptionalMessage_ERROR) IP (RCC) : Parameter (ADCFreq_Value) has invalid value (50390625)
2025-11-04 09:08:32,757 [INFO] ImportTextPane:218 - (OptionalMessage_ERROR) IP (RCC) : Invalid parameter (FamilyName)
2025-11-04 09:08:32,772 [INFO] ImportTextPane:218 - (OptionalMessage_ERROR) IP (RCC) : Parameter (I2C123Freq_Value) has invalid value (64000000)
2025-11-04 09:08:32,782 [INFO] ImportTextPane:218 - (OptionalMessage_ERROR) IP (RCC) : Parameter (I2C4Freq_Value) has invalid value (64000000)
2025-11-04 09:08:32,823 [INFO] ImportTextPane:218 - (OptionalMessage_ERROR) IP (RCC) : Parameter (LPTIM1Freq_Value) has invalid value (64000000)
2025-11-04 09:08:32,830 [INFO] ImportTextPane:218 - (OptionalMessage_ERROR) IP (RCC) : Parameter (LPTIM2Freq_Value) has invalid value (64000000)
2025-11-04 09:08:32,878 [INFO] ImportTextPane:218 - (OptionalMessage_ERROR) IP (RCC) : Parameter (LPTIM345Freq_Value) has invalid value (64000000)
2025-11-04 09:08:32,908 [INFO] ImportTextPane:218 - (OptionalMessage_ERROR) IP (RCC) : Parameter (LPUART1Freq_Value) has invalid value (64000000)
2025-11-04 09:08:32,920 [INFO] ImportTextPane:218 - (OptionalMessage_ERROR) IP (RCC) : Parameter (LTDCFreq_Value) has invalid value (50390625)
2025-11-04 09:08:32,947 [INFO] ImportTextPane:218 - (OptionalMessage_ERROR) IP (RCC) : Parameter (SWPMI1Freq_Value) has invalid value (64000000)
2025-11-04 09:08:32,981 [INFO] ImportTextPane:218 - (OptionalMessage_ERROR) IP (RCC) : Parameter (USART16Freq_Value) has invalid value (64000000)
2025-11-04 09:08:33,043 [INFO] ImportTextPane:218 - (OptionalMessage_ERROR) IP (RCC) : Parameter (USART234578Freq_Value) has invalid value (64000000)
2025-11-04 09:08:33,081 [WARN] IP:2250 - DEVICE_SERIAL0_CDC_HS not found: check if there is a RefParameter without a condition.
2025-11-04 09:08:33,120 [WARN] IP:2250 - DEVICE_SERIAL1_CDC_HS not found: check if there is a RefParameter without a condition.
2025-11-04 09:08:33,140 [WARN] IP:2250 - DEVICE_SERIAL2_CDC_HS not found: check if there is a RefParameter without a condition.
2025-11-04 09:08:35,551 [INFO] ApiDb:581 - Connected to CubeFinder SQLite database (C:\Users\jachanya\.stmcufinder\plugins\mcufinder\mcu\cube-finder-db.db)
2025-11-04 09:08:35,759 [INFO] ApiDb:668 - CubeFinder database Data Model version=2.1
2025-11-04 09:08:35,775 [INFO] ApiDb:669 - CubeFinder database Configuration version=3.0.39
2025-11-04 09:08:35,785 [INFO] ApiDb:670 - CubeFinder database generation date=2025-08-25 (1756130511)
2025-11-04 09:08:35,819 [INFO] ApiDb:671 - CubeFinder database FW Pack versions=[FP-ATR-ASTRA1_V2.0.0, FP-SNS-FLIGHT1_V5.1.0, FP-SNS-MOTENV1_V5.0.0, FP-SNS-MOTENVWB1_V1.4.0, FP-SNS-SMARTAG2_V1.2.0, FP-SNS-STBOX1_V2.1.0, STM32Cube_FW_C0_V1.4.0, STM32Cube_FW_F4_V1.28.3, STM32Cube_FW_F7_V1.17.4, STM32Cube_FW_G0_V1.6.2, STM32Cube_FW_G4_V1.6.1, STM32Cube_FW_H5_V1.5.0, STM32Cube_FW_H7RS_V1.2.0, STM32Cube_FW_H7_V1.12.1, STM32Cube_FW_L0_V1.12.2, STM32Cube_FW_L4_V1.18.1, STM32Cube_FW_L5_V1.5.1, STM32Cube_FW_N6_V1.2.0, STM32Cube_FW_U0_V1.3.0, STM32Cube_FW_U3_V1.2.0, STM32Cube_FW_U5_V1.8.0, STM32Cube_FW_WB0_V1.3.0, STM32Cube_FW_WBA_V1.7.0, STM32Cube_FW_WB_V1.23.0, STM32Cube_FW_WL3_V1.2.0, STM32Cube_FW_WL_V1.3.1, X-CUBE-ALGOBUILD_V1.4.0, X-CUBE-ALS_V1.0.2, X-CUBE-AZRTOS-F4_V1.1.0, X-CUBE-AZRTOS-F7_V1.1.0, X-CUBE-AZRTOS-G0_V1.1.0, X-CUBE-AZRTOS-G4_V2.0.0, X-CUBE-AZRTOS-H7RS_V1.1.0, X-CUBE-AZRTOS-H7_V3.4.0, X-CUBE-AZRTOS-L4_V2.0.0, X-CUBE-AZRTOS-L5_V2.0.0, X-CUBE-AZRTOS-WB_V2.0.0, X-CUBE-AZRTOS-WL_V2.0.0, X-CUBE-BLE1_V7.1.0, X-CUBE-BLE2_V3.3.0, X-CUBE-BLEMGR_V4.1.0, X-CUBE-EEPRMA1_V5.2.0, X-CUBE-FREERTOS_V1.3.1, X-CUBE-GNSS1_V6.0.0, X-CUBE-MEMS1_V11.3.0, X-CUBE-NFC4_V3.0.0, X-CUBE-NFC7_V2.0.0, X-CUBE-SFXS2LP1_V4.0.0, X-CUBE-ST67W61_V1.0.0, X-CUBE-SUBG2_V5.0.0, X-CUBE-TOF1_V3.4.3]
2025-11-04 09:08:36,001 [INFO] DbBoardsSqlite:226 - include board P-NUCLEO-WB55-NUCLEO as a kit item of type 'Nucleo-64'
2025-11-04 09:08:36,012 [INFO] DbBoardsSqlite:226 - include board P-NUCLEO-WB55-USBDONGLE as a kit item of type 'Nucleo USB Dongle'
2025-11-04 09:08:36,030 [INFO] DbBoardsSqlite:226 - include board STEVAL-IDP005V1 as a kit item of type 'Evaluation Board'
2025-11-04 09:08:36,090 [INFO] DbBoardsSqlite:226 - include board STEVAL-IDP005V2 as a kit item of type 'Evaluation Board'
2025-11-04 09:08:36,671 [INFO] ApiDb:240 - Found 895 in-development CPN: [B-G473E-ZEST1S, B-WB1M-WPAN1, B-WBA5M-WPAN, B-WL5M-SUBG1, NUCLEO-C031C6, NUCLEO-C051C8, NUCLEO-C071RB, NUCLEO-C092RC, NUCLEO-H503RB, NUCLEO-H533RE, NUCLEO-H563ZI, NUCLEO-H7S3L8, NUCLEO-N657X0-Q, NUCLEO-U031R8, NUCLEO-U083RC, NUCLEO-U385RG-Q, NUCLEO-U545RE-Q, NUCLEO-U5A5ZJ-Q, NUCLEO-WB05KZ, NUCLEO-WB07CC, NUCLEO-WB09KE, NUCLEO-WBA52CG, NUCLEO-WBA55CG, NUCLEO-WBA65RI, NUCLEO-WL33CC1, NUCLEO-WL33CC2, STEVAL-PROTEUS1, STEVAL-SMARTAG2, STEVAL-STWINBX1, STM320518-EVAL, STM32C0116-DK, STM32C011D6Y3TR, STM32C011D6Y6TR, STM32C011F4P3, STM32C011F4P6, STM32C011F4U3, STM32C011F4U6TR, STM32C011F6P3, STM32C011F6P6, STM32C011F6U3, STM32C011F6U6TR, STM32C011J4M3, STM32C011J4M6, STM32C011J6M3, STM32C011J6M6, STM32C0316-DK, STM32C031C4T3, STM32C031C4T6, STM32C031C4U3, STM32C031C4U6, STM32C031C6T3, STM32C031C6T6, STM32C031C6U3, STM32C031C6U6, STM32C031F4P3, STM32C031F4P6, STM32C031F6P3, STM32C031F6P6, STM32C031G4U3, STM32C031G4U6, STM32C031G6U3, STM32C031G6U6, STM32C031K4T3, STM32C031K4T6, STM32C031K4U3, STM32C031K4U6, STM32C031K6T3, STM32C031K6T6, STM32C031K6U3, STM32C031K6U6, STM32C051C6T6, STM32C051C6U6, STM32C051C8T6, STM32C051C8U6, STM32C051D8Y6TR, STM32C051F6P6, STM32C051F8P6, STM32C051G6U6, STM32C051G8U6, STM32C051K6T6, STM32C051K6U6, STM32C051K8T6, STM32C071C8T6, STM32C071C8T6N, STM32C071C8U6, STM32C071C8U6N, STM32C071CBT6, STM32C071CBT6N, STM32C071CBU6, STM32C071CBU6N, STM32C071F8P6, STM32C071F8P6N, STM32C071FBP6, STM32C071FBP6N, STM32C071FBY6TR, STM32C071G8U6, STM32C071G8U6N, STM32C071GBU6, STM32C071GBU6N, STM32C071K8T6, STM32C071K8T6N, STM32C071K8U6, STM32C071K8U6N, STM32C071KBT6, STM32C071KBT6N, STM32C071KBU6, STM32C071KBU6N, STM32C071R8T6, STM32C071R8T6N, STM32C071RBI6N, STM32C071RBT6, STM32C071RBT6N, STM32C091CBT6, STM32C091CBU6, STM32C091CCT6, STM32C091CCU6, STM32C091ECY6TR, STM32C091FBP6, STM32C091FCP6, STM32C091GBU6, STM32C091GCU6, STM32C091KBT6, STM32C091KBU6, STM32C091KCT6, STM32C091KCU6, STM32C091RBT6, STM32C091RCI6, STM32C091RCT6, STM32C092CBT6, STM32C092CBU6, STM32C092CCT6, STM32C092CCU6, STM32C092ECY6TR, STM32C092FBP6, STM32C092FCP6, STM32C092GBU6, STM32C092GCU6, STM32C092KBT6, STM32C092KBU6, STM32C092KCT6, STM32C092KCU6, STM32C092RBT6, STM32C092RCI6, STM32C092RCT6, STM32G071K8TXN, STM32G071K8UXN, STM32G081GBU6N, STM32G081KBT6N, STM32G081KBUXN, STM32G0B1CCT6N, STM32G0B1KCT6, STM32G0B1NEY6TR, STM32G0B1RCT6N, STM32G0C1CCT6, STM32G0C1CCT6N, STM32G0C1CCU6N, STM32G0C1CET6N, STM32G0C1CEU6N, STM32G0C1KCT6, STM32G0C1NEY6TR, STM32G0C1RCI6N, STM32G0C1RCT6N, STM32G0C1REI6N, STM32G0C1RET6N, STM32G0C1VCI6, STM32G0C1VEI6, STM32G411C6T3, STM32G411C6T6, STM32G411C6U3, STM32G411C6U6, STM32G411C8T3, STM32G411C8T6, STM32G411C8U3, STM32G411C8U6, STM32G411CBT3, STM32G411CBT6, STM32G411CBU3, STM32G411CBU6, STM32G411CCT3, STM32G411CCT6, STM32G411CCU3, STM32G411CCU6, STM32G411K6T3, STM32G411K6T6, STM32G411K6U3, STM32G411K6U6, STM32G411K8T3, STM32G411K8T6, STM32G411K8U3, STM32G411K8U6, STM32G411KBT3, STM32G411KBT6, STM32G411KBU3, STM32G411KBU6, STM32G411M6T3, STM32G411M6T6, STM32G411M8T3, STM32G411M8T6, STM32G411MBT3, STM32G411MBT6, STM32G411MCT3, STM32G411MCT6, STM32G411R6T3, STM32G411R6T6, STM32G411R8T3, STM32G411R8T6, STM32G411RBT3, STM32G411RBT6, STM32G411RCT3, STM32G411RCT6, STM32G414CBT3, STM32G414CBT6, STM32G414CBU3, STM32G414CBU6, STM32G414CCT3, STM32G414CCT6, STM32G414CCU3, STM32G414CCU6, STM32G414MBT3, STM32G414MBT6, STM32G414MCT3, STM32G414MCT6, STM32G414RBT3, STM32G414RBT6, STM32G414RCT3, STM32G414RCT6, STM32G414VBT3, STM32G414VBT6, STM32G414VCT3, STM32G414VCT6, STM32G431CBT3Z, STM32G431RBT3Z, STM32G471CCT6, STM32G471CCU6, STM32G471CET3, STM32G471CET6, STM32G471CEU3, STM32G471CEU6, STM32G471MCT6, STM32G471MET3, STM32G471MET6, STM32G471MEY6TR, STM32G471QCT6, STM32G471QET3, STM32G471RCT6, STM32G471RET3, STM32G471RET6, STM32G471VCH6, STM32G471VCI6, STM32G471VCT6, STM32G471VEH3, STM32G471VEH6, STM32G471VEI3, STM32G471VEI6, STM32G471VET3, STM32G471VET6, STM32G473QET3Z, STM32G473RET3Z, STM32G474CCT6, STM32G491RET3Z, STM32H503CBT6, STM32H503CBU6, STM32H503EBY6TR, STM32H503KBU6, STM32H503RBT6, STM32H523CCT6, STM32H523CCU6, STM32H523CET6, STM32H523CEU6, STM32H523HEY6TR, STM32H523RCT6, STM32H523RET6, STM32H523VCI6, STM32H523VCT6, STM32H523VEI6, STM32H523VET6, STM32H523ZCJ6, STM32H523ZCT6, STM32H523ZEJ6, STM32H523ZET6, STM32H533CET6, STM32H533CEU6, STM32H533HEY6TR, STM32H533RET6, STM32H533VEI6, STM32H533VET6, STM32H533ZEJ6, STM32H533ZET6, STM32H562AGI6, STM32H562AII6, STM32H562IGK6, STM32H562IGT6, STM32H562IIK6, STM32H562IIT6, STM32H562RGT6, STM32H562RGV6, STM32H562RIT6, STM32H562RIV6, STM32H562VGT6, STM32H562VIT6, STM32H562ZGT6, STM32H562ZIT6, STM32H563AGI6, STM32H563AII3Q, STM32H563AII6, STM32H563IGK6, STM32H563IGT6, STM32H563IIK3Q, STM32H563IIK6, STM32H563IIT3Q, STM32H563IIT6, STM32H563MIY3QTR, STM32H563RGT6, STM32H563RGV6, STM32H563RIT6, STM32H563RIV6, STM32H563VGT6, STM32H563VIT3Q, STM32H563VIT6, STM32H563ZGT6, STM32H563ZIT3Q, STM32H563ZIT6, STM32H573AII3Q, STM32H573AII6, STM32H573I-DK, STM32H573IIK3Q, STM32H573IIK6, STM32H573IIT3Q, STM32H573IIT6, STM32H573MIY3QTR, STM32H573RIT6, STM32H573RIV6, STM32H573VIT3Q, STM32H573VIT6, STM32H573ZIT3Q, STM32H573ZIT6, STM32H7R3A8I6, STM32H7R3I8K6, STM32H7R3I8T6, STM32H7R3L8H6, STM32H7R3L8H6H, STM32H7R3R8V6, STM32H7R3V8H6, STM32H7R3V8T6, STM32H7R3V8Y6TR, STM32H7R3Z8J6, STM32H7R3Z8T6, STM32H7R7A8I6, STM32H7R7I8K6, STM32H7R7I8T6, STM32H7R7L8H6, STM32H7R7L8H6H, STM32H7R7Z8J6, STM32H7S3A8I6, STM32H7S3I8K6, STM32H7S3I8T6, STM32H7S3L8H6, STM32H7S3L8H6H, STM32H7S3R8V6, STM32H7S3V8H6, STM32H7S3V8T6, STM32H7S3V8Y6TR, STM32H7S3Z8J6, STM32H7S3Z8T6, STM32H7S78-DK, STM32H7S7A8I6, STM32H7S7I8K6, STM32H7S7I8T6, STM32H7S7L8H6, STM32H7S7L8H6H, STM32H7S7Z8J6, STM32L4R5QGI6STR, STM32MP131AAE3, STM32MP131AAF3, STM32MP131AAG3, STM32MP131CAE3, STM32MP131CAF3, STM32MP131CAG3, STM32MP131DAE7, STM32MP131DAF7, STM32MP131DAG7, STM32MP131FAE7, STM32MP131FAF7, STM32MP131FAG7, STM32MP133AAE3, STM32MP133AAF3, STM32MP133AAG3, STM32MP133CAE3, STM32MP133CAF3, STM32MP133CAG3, STM32MP133DAE7, STM32MP133DAF7, STM32MP133DAG7, STM32MP133FAE7, STM32MP133FAF7, STM32MP133FAG7, STM32MP135AAE3, STM32MP135AAF3, STM32MP135AAG3, STM32MP135CAE3, STM32MP135CAF3, STM32MP135CAG3, STM32MP135DAE7, STM32MP135DAF7, STM32MP135DAG7, STM32MP135F-DK, STM32MP135FAE7, STM32MP135FAF7, STM32MP135FAF7T, STM32MP135FAF7U, STM32MP135FAG7, STM32MP231AAJ3, STM32MP231AAK3, STM32MP231AAL3, STM32MP231CAJ3, STM32MP231CAK3, STM32MP231CAL3, STM32MP231DAJ3, STM32MP231DAK3, STM32MP231DAL3, STM32MP231FAJ3, STM32MP231FAK3, STM32MP231FAL3, STM32MP233AAJ3, STM32MP233AAK3, STM32MP233AAL3, STM32MP233CAJ3, STM32MP233CAK3, STM32MP233CAL3, STM32MP233DAJ3, STM32MP233DAK3, STM32MP233DAL3, STM32MP233FAJ3, STM32MP233FAK3, STM32MP233FAL3, STM32MP235AAJ3, STM32MP235AAK3, STM32MP235AAL3, STM32MP235CAJ3, STM32MP235CAK3, STM32MP235CAL3, STM32MP235DAJ3, STM32MP235DAK3, STM32MP235DAL3, STM32MP235FAJ3, STM32MP235FAK3, STM32MP235FAL3, STM32MP251AAI3, STM32MP251AAJ3, STM32MP251AAK3, STM32MP251AAL3, STM32MP251CAI3, STM32MP251CAJ3, STM32MP251CAK3, STM32MP251CAL3, STM32MP251DAI3, STM32MP251DAJ3, STM32MP251DAK3, STM32MP251DAL3, STM32MP251FAI3, STM32MP251FAJ3, STM32MP251FAK3, STM32MP251FAL3, STM32MP253AAI3, STM32MP253AAJ3, STM32MP253AAK3, STM32MP253AAL3, STM32MP253CAI3, STM32MP253CAJ3, STM32MP253CAK3, STM32MP253CAL3, STM32MP253DAI3, STM32MP253DAJ3, STM32MP253DAK3, STM32MP253DAL3, STM32MP253FAI3, STM32MP253FAJ3, STM32MP253FAK3, STM32MP253FAL3, STM32MP255AAI3, STM32MP255AAJ3, STM32MP255AAK3, STM32MP255AAL3, STM32MP255CAI3, STM32MP255CAJ3, STM32MP255CAK3, STM32MP255CAL3, STM32MP255DAI3, STM32MP255DAJ3, STM32MP255DAK3, STM32MP255DAL3, STM32MP255FAI3, STM32MP255FAJ3, STM32MP255FAK3, STM32MP255FAL3, STM32MP257AAI3, STM32MP257AAJ3, STM32MP257AAK3, STM32MP257AAL3, STM32MP257CAI3, STM32MP257CAJ3, STM32MP257CAK3, STM32MP257CAL3, STM32MP257DAI3, STM32MP257DAJ3, STM32MP257DAK3, STM32MP257DAL3, STM32MP257F-DK, STM32MP257F-EV1, STM32MP257FAI3, STM32MP257FAJ3, STM32MP257FAK3, STM32MP257FAL3, STM32N645A0H3Q, STM32N645B0H3Q, STM32N645I0H3Q, STM32N645L0H3Q, STM32N645X0H3Q, STM32N645Z0H3Q, STM32N647A0H3Q, STM32N647B0H3Q, STM32N647I0H3Q, STM32N647L0H3Q, STM32N647X0H3Q, STM32N647Z0H3Q, STM32N655A0H3Q, STM32N655B0H3Q, STM32N655I0H3Q, STM32N655L0H3Q, STM32N655X0H3Q, STM32N655Z0H3Q, STM32N6570-DK, STM32N657A0H3Q, STM32N657B0H3Q, STM32N657I0H3Q, STM32N657L0H3Q, STM32N657X0H3Q, STM32N657Z0H3Q, STM32U031C6T6, STM32U031C6U6, STM32U031C8T6, STM32U031C8U6, STM32U031F4P6, STM32U031F6P6, STM32U031F8P6, STM32U031G6Y6TR, STM32U031G8Y6TR, STM32U031K4U6, STM32U031K6U6, STM32U031K8U6, STM32U031R6I6, STM32U031R6T6, STM32U031R8I6, STM32U031R8T6, STM32U073C8T6, STM32U073C8U6, STM32U073CBT6, STM32U073CBU6, STM32U073CCT6, STM32U073CCU6, STM32U073H8Y6TR, STM32U073HBY6TR, STM32U073HCY6TR, STM32U073K8U6, STM32U073KBU6, STM32U073KCU6, STM32U073M8I6, STM32U073M8T6, STM32U073MBI6, STM32U073MBT6, STM32U073MCI6, STM32U073MCT6, STM32U073R8I6, STM32U073R8T6, STM32U073RBI6, STM32U073RBT6, STM32U073RCI6, STM32U073RCT6, STM32U083C-DK, STM32U083CCT6, STM32U083CCU6, STM32U083HCY6TR, STM32U083KCU6, STM32U083MCI6, STM32U083MCT6, STM32U083RCI6, STM32U083RCT6, STM32U375CET6, STM32U375CET6Q, STM32U375CEU6, STM32U375CEU6Q, STM32U375CEY6QTR, STM32U375CGT6, STM32U375CGT6Q, STM32U375CGU6, STM32U375CGU6Q, STM32U375CGY6QTR, STM32U375KEU6, STM32U375KGU6, STM32U375REI6, STM32U375REI6Q, STM32U375RET6, STM32U375RET6Q, STM32U375REY6GTR, STM32U375REY6QTR, STM32U375RGI6, STM32U375RGI6Q, STM32U375RGT6, STM32U375RGT6Q, STM32U375RGY6GTR, STM32U375RGY6QTR, STM32U375VEI6, STM32U375VEI6Q, STM32U375VET6, STM32U375VET6Q, STM32U375VGI6, STM32U375VGI6Q, STM32U375VGT6, STM32U375VGT6Q, STM32U385CGT6, STM32U385CGT6Q, STM32U385CGU6, STM32U385CGU6Q, STM32U385CGY6QTR, STM32U385KGU6, STM32U385RGI6, STM32U385RGI6Q, STM32U385RGT6, STM32U385RGT6Q, STM32U385RGY6GTR, STM32U385RGY6QTR, STM32U385VGI6, STM32U385VGI6Q, STM32U385VGT6, STM32U385VGT6Q, STM32U535CBT6, STM32U535CBT6Q, STM32U535CBU6, STM32U535CBU6Q, STM32U535CCT6, STM32U535CCT6Q, STM32U535CCU6, STM32U535CCU6Q, STM32U535CET6, STM32U535CET6Q, STM32U535CEU6, STM32U535CEU6Q, STM32U535JEY6QTR, STM32U535NCY6QTR, STM32U535NEY6QTR, STM32U535RBI6, STM32U535RBI6Q, STM32U535RBT6, STM32U535RBT6Q, STM32U535RCI6, STM32U535RCI6Q, STM32U535RCT6, STM32U535RCT6Q, STM32U535REI6, STM32U535REI6Q, STM32U535RET6, STM32U535RET6Q, STM32U535VCI6, STM32U535VCI6Q, STM32U535VCT6, STM32U535VCT6Q, STM32U535VEI6, STM32U535VEI6Q, STM32U535VET6, STM32U535VET6Q, STM32U545CET6, STM32U545CET6Q, STM32U545CEU6, STM32U545CEU6Q, STM32U545JEY6QTR, STM32U545NEY6QTR, STM32U545REI6, STM32U545REI6Q, STM32U545RET6, STM32U545RET6Q, STM32U545VEI6, STM32U545VEI6Q, STM32U545VET6, STM32U545VET6Q, STM32U595AIH6, STM32U595AIH6Q, STM32U595AJH6, STM32U595AJH6Q, STM32U595QII6, STM32U595QII6Q, STM32U595QJI6, STM32U595QJI6Q, STM32U595RIT6, STM32U595RIT6Q, STM32U595RJT6, STM32U595RJT6Q, STM32U595VIT6, STM32U595VIT6Q, STM32U595VJT6, STM32U595VJT6Q, STM32U595ZIT6, STM32U595ZIT6Q, STM32U595ZIY6QTR, STM32U595ZJT6, STM32U595ZJT6Q, STM32U595ZJY6QTR, STM32U599BJY6QTR, STM32U599NIH6Q, STM32U599NJH6Q, STM32U599VIT6Q, STM32U599VJT6, STM32U599VJT6Q, STM32U599ZIT6Q, STM32U599ZIY6QTR, STM32U599ZJT6Q, STM32U599ZJY6QTR, STM32U5A5AJH6, STM32U5A5AJH6Q, STM32U5A5QII3Q , STM32U5A5QJI6, STM32U5A5QJI6Q, STM32U5A5RJT6, STM32U5A5RJT6Q, STM32U5A5VJT6, STM32U5A5VJT6Q, STM32U5A5ZJT6, STM32U5A5ZJT6Q, STM32U5A5ZJY6QTR, STM32U5A9BJY6QTR, STM32U5A9J-DK, STM32U5A9NJH6Q, STM32U5A9VJT6Q, STM32U5A9ZJT6Q, STM32U5A9ZJY6QTR, STM32U5F7VIT6, STM32U5F7VIT6Q, STM32U5F7VJT6, STM32U5F7VJT6Q, STM32U5F9BJY6QTR, STM32U5F9NJH6Q, STM32U5F9VIT6Q, STM32U5F9VJT6Q, STM32U5F9ZIJ6QTR, STM32U5F9ZIT6Q, STM32U5F9ZJJ6QTR, STM32U5F9ZJT6Q, STM32U5G7VJT6, STM32U5G7VJT6Q, STM32U5G9BJY6QTR, STM32U5G9J-DK1, STM32U5G9J-DK2, STM32U5G9NJH6Q, STM32U5G9VJT6Q, STM32U5G9ZJJ6QTR, STM32U5G9ZJT6Q, STM32WB05KZV6TR, STM32WB05KZV7TR, STM32WB05TZF6TR, STM32WB05TZF7TR, STM32WB06CCF6TR, STM32WB06CCF7TR, STM32WB06CCV6TR, STM32WB06CCV7TR, STM32WB06KCV6TR, STM32WB06KCV7TR, STM32WB07CCF6TR, STM32WB07CCF7TR, STM32WB07CCV6TR, STM32WB07CCV7TR, STM32WB07KCV6TR, STM32WB07KCV7TR, STM32WB09KEV6TR, STM32WB09KEV7TR, STM32WB09TEF6TR, STM32WB09TEF7TR, STM32WB1MMCH6, STM32WBA50KGU6, STM32WBA50KGU6TR, STM32WBA52CEU6, STM32WBA52CEU6TR, STM32WBA52CEU7, STM32WBA52CEU7TR, STM32WBA52CGU6, STM32WBA52CGU6TR, STM32WBA52CGU6U, STM32WBA52CGU7, STM32WBA52CGU7TR, STM32WBA52KEU6, STM32WBA52KEU6TR, STM32WBA52KGU6, STM32WBA52KGU6TR, STM32WBA54CEU6, STM32WBA54CEU6TR, STM32WBA54CEU7, STM32WBA54CEU7TR, STM32WBA54CGU6, STM32WBA54CGU6TR, STM32WBA54CGU7, STM32WBA54CGU7TR, STM32WBA54KEU6, STM32WBA54KEU6TR, STM32WBA54KEU7, STM32WBA54KEU7TR, STM32WBA54KGU6, STM32WBA54KGU6TR, STM32WBA54KGU7, STM32WBA54KGU7TR, STM32WBA55CEU6, STM32WBA55CEU6TR, STM32WBA55CEU7, STM32WBA55CEU7TR, STM32WBA55CGU6, STM32WBA55CGU6TR, STM32WBA55CGU6U, STM32WBA55CGU7, STM32WBA55CGU7TR, STM32WBA55G-DK1, STM32WBA55HEF6, STM32WBA55HEF7, STM32WBA55HGF6, STM32WBA55HGF7, STM32WBA55UEI6, STM32WBA55UEI6TR, STM32WBA55UEI7, STM32WBA55UEI7TR, STM32WBA55UGI6, STM32WBA55UGI6TR, STM32WBA55UGI7, STM32WBA55UGI7TR, STM32WBA5MJGH6TR, STM32WBA62CGU6, STM32WBA62CIU6, STM32WBA62MGF6, STM32WBA62MIF6, STM32WBA62PGI6, STM32WBA62PII6, STM32WBA63CGU6, STM32WBA63CGU7, STM32WBA63CIU6, STM32WBA63CIU7, STM32WBA64CGU6, STM32WBA64CGU7, STM32WBA64CIU6, STM32WBA64CIU7, STM32WBA65CGU6, STM32WBA65CGU7, STM32WBA65CIU6, STM32WBA65CIU7, STM32WBA65I-DK1, STM32WBA65MGF6, STM32WBA65MGF7, STM32WBA65MIF6, STM32WBA65MIF7, STM32WBA65PGI6, STM32WBA65PGI7, STM32WBA65PII6, STM32WBA65PII7, STM32WBA65RGV6, STM32WBA65RGV7, STM32WBA65RIV6, STM32WBA65RIV7, STM32WL30K8V6, STM32WL30KBV6, STM32WL31C8V6, STM32WL31CBV6, STM32WL31K8V6, STM32WL31KBV6, STM32WL33C8V6, STM32WL33C8V6TR, STM32WL33C8V7, STM32WL33C8V7TR, STM32WL33CBV6, STM32WL33CBV6TR, STM32WL33CBV7, STM32WL33CBV7TR, STM32WL33CCV6, STM32WL33CCV6TR, STM32WL33CCV7, STM32WL33CCV7A, STM32WL33CCV7ATR, STM32WL33CCV7TR, STM32WL33K8V6, STM32WL33K8V6TR, STM32WL33K8V7, STM32WL33K8V7TR, STM32WL33KBV6, STM32WL33KBV6TR, STM32WL33KBV7, STM32WL33KBV7TR, STM32WL33KCV6, STM32WL33KCV6TR, STM32WL33KCV7, STM32WL33KCV7TR, STM32WL5MOCH6, STM32WL5MOCH6TR]
2025-11-04 09:08:36,752 [INFO] ApiDb:668 - CubeFinder database Data Model version=2.1
2025-11-04 09:08:36,776 [INFO] ApiDb:669 - CubeFinder database Configuration version=3.0.39
2025-11-04 09:08:36,781 [INFO] ApiDb:670 - CubeFinder database generation date=2025-08-25 (1756130511)
2025-11-04 09:08:36,795 [INFO] ApiDb:671 - CubeFinder database FW Pack versions=[FP-ATR-ASTRA1_V2.0.0, FP-SNS-FLIGHT1_V5.1.0, FP-SNS-MOTENV1_V5.0.0, FP-SNS-MOTENVWB1_V1.4.0, FP-SNS-SMARTAG2_V1.2.0, FP-SNS-STBOX1_V2.1.0, STM32Cube_FW_C0_V1.4.0, STM32Cube_FW_F4_V1.28.3, STM32Cube_FW_F7_V1.17.4, STM32Cube_FW_G0_V1.6.2, STM32Cube_FW_G4_V1.6.1, STM32Cube_FW_H5_V1.5.0, STM32Cube_FW_H7RS_V1.2.0, STM32Cube_FW_H7_V1.12.1, STM32Cube_FW_L0_V1.12.2, STM32Cube_FW_L4_V1.18.1, STM32Cube_FW_L5_V1.5.1, STM32Cube_FW_N6_V1.2.0, STM32Cube_FW_U0_V1.3.0, STM32Cube_FW_U3_V1.2.0, STM32Cube_FW_U5_V1.8.0, STM32Cube_FW_WB0_V1.3.0, STM32Cube_FW_WBA_V1.7.0, STM32Cube_FW_WB_V1.23.0, STM32Cube_FW_WL3_V1.2.0, STM32Cube_FW_WL_V1.3.1, X-CUBE-ALGOBUILD_V1.4.0, X-CUBE-ALS_V1.0.2, X-CUBE-AZRTOS-F4_V1.1.0, X-CUBE-AZRTOS-F7_V1.1.0, X-CUBE-AZRTOS-G0_V1.1.0, X-CUBE-AZRTOS-G4_V2.0.0, X-CUBE-AZRTOS-H7RS_V1.1.0, X-CUBE-AZRTOS-H7_V3.4.0, X-CUBE-AZRTOS-L4_V2.0.0, X-CUBE-AZRTOS-L5_V2.0.0, X-CUBE-AZRTOS-WB_V2.0.0, X-CUBE-AZRTOS-WL_V2.0.0, X-CUBE-BLE1_V7.1.0, X-CUBE-BLE2_V3.3.0, X-CUBE-BLEMGR_V4.1.0, X-CUBE-EEPRMA1_V5.2.0, X-CUBE-FREERTOS_V1.3.1, X-CUBE-GNSS1_V6.0.0, X-CUBE-MEMS1_V11.3.0, X-CUBE-NFC4_V3.0.0, X-CUBE-NFC7_V2.0.0, X-CUBE-SFXS2LP1_V4.0.0, X-CUBE-ST67W61_V1.0.0, X-CUBE-SUBG2_V5.0.0, X-CUBE-TOF1_V3.4.3]
2025-11-04 09:08:39,992 [INFO] ApiDb:240 - Found 895 in-development CPN: [B-G473E-ZEST1S, B-WB1M-WPAN1, B-WBA5M-WPAN, B-WL5M-SUBG1, NUCLEO-C031C6, NUCLEO-C051C8, NUCLEO-C071RB, NUCLEO-C092RC, NUCLEO-H503RB, NUCLEO-H533RE, NUCLEO-H563ZI, NUCLEO-H7S3L8, NUCLEO-N657X0-Q, NUCLEO-U031R8, NUCLEO-U083RC, NUCLEO-U385RG-Q, NUCLEO-U545RE-Q, NUCLEO-U5A5ZJ-Q, NUCLEO-WB05KZ, NUCLEO-WB07CC, NUCLEO-WB09KE, NUCLEO-WBA52CG, NUCLEO-WBA55CG, NUCLEO-WBA65RI, NUCLEO-WL33CC1, NUCLEO-WL33CC2, STEVAL-PROTEUS1, STEVAL-SMARTAG2, STEVAL-STWINBX1, STM320518-EVAL, STM32C0116-DK, STM32C011D6Y3TR, STM32C011D6Y6TR, STM32C011F4P3, STM32C011F4P6, STM32C011F4U3, STM32C011F4U6TR, STM32C011F6P3, STM32C011F6P6, STM32C011F6U3, STM32C011F6U6TR, STM32C011J4M3, STM32C011J4M6, STM32C011J6M3, STM32C011J6M6, STM32C0316-DK, STM32C031C4T3, STM32C031C4T6, STM32C031C4U3, STM32C031C4U6, STM32C031C6T3, STM32C031C6T6, STM32C031C6U3, STM32C031C6U6, STM32C031F4P3, STM32C031F4P6, STM32C031F6P3, STM32C031F6P6, STM32C031G4U3, STM32C031G4U6, STM32C031G6U3, STM32C031G6U6, STM32C031K4T3, STM32C031K4T6, STM32C031K4U3, STM32C031K4U6, STM32C031K6T3, STM32C031K6T6, STM32C031K6U3, STM32C031K6U6, STM32C051C6T6, STM32C051C6U6, STM32C051C8T6, STM32C051C8U6, STM32C051D8Y6TR, STM32C051F6P6, STM32C051F8P6, STM32C051G6U6, STM32C051G8U6, STM32C051K6T6, STM32C051K6U6, STM32C051K8T6, STM32C071C8T6, STM32C071C8T6N, STM32C071C8U6, STM32C071C8U6N, STM32C071CBT6, STM32C071CBT6N, STM32C071CBU6, STM32C071CBU6N, STM32C071F8P6, STM32C071F8P6N, STM32C071FBP6, STM32C071FBP6N, STM32C071FBY6TR, STM32C071G8U6, STM32C071G8U6N, STM32C071GBU6, STM32C071GBU6N, STM32C071K8T6, STM32C071K8T6N, STM32C071K8U6, STM32C071K8U6N, STM32C071KBT6, STM32C071KBT6N, STM32C071KBU6, STM32C071KBU6N, STM32C071R8T6, STM32C071R8T6N, STM32C071RBI6N, STM32C071RBT6, STM32C071RBT6N, STM32C091CBT6, STM32C091CBU6, STM32C091CCT6, STM32C091CCU6, STM32C091ECY6TR, STM32C091FBP6, STM32C091FCP6, STM32C091GBU6, STM32C091GCU6, STM32C091KBT6, STM32C091KBU6, STM32C091KCT6, STM32C091KCU6, STM32C091RBT6, STM32C091RCI6, STM32C091RCT6, STM32C092CBT6, STM32C092CBU6, STM32C092CCT6, STM32C092CCU6, STM32C092ECY6TR, STM32C092FBP6, STM32C092FCP6, STM32C092GBU6, STM32C092GCU6, STM32C092KBT6, STM32C092KBU6, STM32C092KCT6, STM32C092KCU6, STM32C092RBT6, STM32C092RCI6, STM32C092RCT6, STM32G071K8TXN, STM32G071K8UXN, STM32G081GBU6N, STM32G081KBT6N, STM32G081KBUXN, STM32G0B1CCT6N, STM32G0B1KCT6, STM32G0B1NEY6TR, STM32G0B1RCT6N, STM32G0C1CCT6, STM32G0C1CCT6N, STM32G0C1CCU6N, STM32G0C1CET6N, STM32G0C1CEU6N, STM32G0C1KCT6, STM32G0C1NEY6TR, STM32G0C1RCI6N, STM32G0C1RCT6N, STM32G0C1REI6N, STM32G0C1RET6N, STM32G0C1VCI6, STM32G0C1VEI6, STM32G411C6T3, STM32G411C6T6, STM32G411C6U3, STM32G411C6U6, STM32G411C8T3, STM32G411C8T6, STM32G411C8U3, STM32G411C8U6, STM32G411CBT3, STM32G411CBT6, STM32G411CBU3, STM32G411CBU6, STM32G411CCT3, STM32G411CCT6, STM32G411CCU3, STM32G411CCU6, STM32G411K6T3, STM32G411K6T6, STM32G411K6U3, STM32G411K6U6, STM32G411K8T3, STM32G411K8T6, STM32G411K8U3, STM32G411K8U6, STM32G411KBT3, STM32G411KBT6, STM32G411KBU3, STM32G411KBU6, STM32G411M6T3, STM32G411M6T6, STM32G411M8T3, STM32G411M8T6, STM32G411MBT3, STM32G411MBT6, STM32G411MCT3, STM32G411MCT6, STM32G411R6T3, STM32G411R6T6, STM32G411R8T3, STM32G411R8T6, STM32G411RBT3, STM32G411RBT6, STM32G411RCT3, STM32G411RCT6, STM32G414CBT3, STM32G414CBT6, STM32G414CBU3, STM32G414CBU6, STM32G414CCT3, STM32G414CCT6, STM32G414CCU3, STM32G414CCU6, STM32G414MBT3, STM32G414MBT6, STM32G414MCT3, STM32G414MCT6, STM32G414RBT3, STM32G414RBT6, STM32G414RCT3, STM32G414RCT6, STM32G414VBT3, STM32G414VBT6, STM32G414VCT3, STM32G414VCT6, STM32G431CBT3Z, STM32G431RBT3Z, STM32G471CCT6, STM32G471CCU6, STM32G471CET3, STM32G471CET6, STM32G471CEU3, STM32G471CEU6, STM32G471MCT6, STM32G471MET3, STM32G471MET6, STM32G471MEY6TR, STM32G471QCT6, STM32G471QET3, STM32G471RCT6, STM32G471RET3, STM32G471RET6, STM32G471VCH6, STM32G471VCI6, STM32G471VCT6, STM32G471VEH3, STM32G471VEH6, STM32G471VEI3, STM32G471VEI6, STM32G471VET3, STM32G471VET6, STM32G473QET3Z, STM32G473RET3Z, STM32G474CCT6, STM32G491RET3Z, STM32H503CBT6, STM32H503CBU6, STM32H503EBY6TR, STM32H503KBU6, STM32H503RBT6, STM32H523CCT6, STM32H523CCU6, STM32H523CET6, STM32H523CEU6, STM32H523HEY6TR, STM32H523RCT6, STM32H523RET6, STM32H523VCI6, STM32H523VCT6, STM32H523VEI6, STM32H523VET6, STM32H523ZCJ6, STM32H523ZCT6, STM32H523ZEJ6, STM32H523ZET6, STM32H533CET6, STM32H533CEU6, STM32H533HEY6TR, STM32H533RET6, STM32H533VEI6, STM32H533VET6, STM32H533ZEJ6, STM32H533ZET6, STM32H562AGI6, STM32H562AII6, STM32H562IGK6, STM32H562IGT6, STM32H562IIK6, STM32H562IIT6, STM32H562RGT6, STM32H562RGV6, STM32H562RIT6, STM32H562RIV6, STM32H562VGT6, STM32H562VIT6, STM32H562ZGT6, STM32H562ZIT6, STM32H563AGI6, STM32H563AII3Q, STM32H563AII6, STM32H563IGK6, STM32H563IGT6, STM32H563IIK3Q, STM32H563IIK6, STM32H563IIT3Q, STM32H563IIT6, STM32H563MIY3QTR, STM32H563RGT6, STM32H563RGV6, STM32H563RIT6, STM32H563RIV6, STM32H563VGT6, STM32H563VIT3Q, STM32H563VIT6, STM32H563ZGT6, STM32H563ZIT3Q, STM32H563ZIT6, STM32H573AII3Q, STM32H573AII6, STM32H573I-DK, STM32H573IIK3Q, STM32H573IIK6, STM32H573IIT3Q, STM32H573IIT6, STM32H573MIY3QTR, STM32H573RIT6, STM32H573RIV6, STM32H573VIT3Q, STM32H573VIT6, STM32H573ZIT3Q, STM32H573ZIT6, STM32H7R3A8I6, STM32H7R3I8K6, STM32H7R3I8T6, STM32H7R3L8H6, STM32H7R3L8H6H, STM32H7R3R8V6, STM32H7R3V8H6, STM32H7R3V8T6, STM32H7R3V8Y6TR, STM32H7R3Z8J6, STM32H7R3Z8T6, STM32H7R7A8I6, STM32H7R7I8K6, STM32H7R7I8T6, STM32H7R7L8H6, STM32H7R7L8H6H, STM32H7R7Z8J6, STM32H7S3A8I6, STM32H7S3I8K6, STM32H7S3I8T6, STM32H7S3L8H6, STM32H7S3L8H6H, STM32H7S3R8V6, STM32H7S3V8H6, STM32H7S3V8T6, STM32H7S3V8Y6TR, STM32H7S3Z8J6, STM32H7S3Z8T6, STM32H7S78-DK, STM32H7S7A8I6, STM32H7S7I8K6, STM32H7S7I8T6, STM32H7S7L8H6, STM32H7S7L8H6H, STM32H7S7Z8J6, STM32L4R5QGI6STR, STM32MP131AAE3, STM32MP131AAF3, STM32MP131AAG3, STM32MP131CAE3, STM32MP131CAF3, STM32MP131CAG3, STM32MP131DAE7, STM32MP131DAF7, STM32MP131DAG7, STM32MP131FAE7, STM32MP131FAF7, STM32MP131FAG7, STM32MP133AAE3, STM32MP133AAF3, STM32MP133AAG3, STM32MP133CAE3, STM32MP133CAF3, STM32MP133CAG3, STM32MP133DAE7, STM32MP133DAF7, STM32MP133DAG7, STM32MP133FAE7, STM32MP133FAF7, STM32MP133FAG7, STM32MP135AAE3, STM32MP135AAF3, STM32MP135AAG3, STM32MP135CAE3, STM32MP135CAF3, STM32MP135CAG3, STM32MP135DAE7, STM32MP135DAF7, STM32MP135DAG7, STM32MP135F-DK, STM32MP135FAE7, STM32MP135FAF7, STM32MP135FAF7T, STM32MP135FAF7U, STM32MP135FAG7, STM32MP231AAJ3, STM32MP231AAK3, STM32MP231AAL3, STM32MP231CAJ3, STM32MP231CAK3, STM32MP231CAL3, STM32MP231DAJ3, STM32MP231DAK3, STM32MP231DAL3, STM32MP231FAJ3, STM32MP231FAK3, STM32MP231FAL3, STM32MP233AAJ3, STM32MP233AAK3, STM32MP233AAL3, STM32MP233CAJ3, STM32MP233CAK3, STM32MP233CAL3, STM32MP233DAJ3, STM32MP233DAK3, STM32MP233DAL3, STM32MP233FAJ3, STM32MP233FAK3, STM32MP233FAL3, STM32MP235AAJ3, STM32MP235AAK3, STM32MP235AAL3, STM32MP235CAJ3, STM32MP235CAK3, STM32MP235CAL3, STM32MP235DAJ3, STM32MP235DAK3, STM32MP235DAL3, STM32MP235FAJ3, STM32MP235FAK3, STM32MP235FAL3, STM32MP251AAI3, STM32MP251AAJ3, STM32MP251AAK3, STM32MP251AAL3, STM32MP251CAI3, STM32MP251CAJ3, STM32MP251CAK3, STM32MP251CAL3, STM32MP251DAI3, STM32MP251DAJ3, STM32MP251DAK3, STM32MP251DAL3, STM32MP251FAI3, STM32MP251FAJ3, STM32MP251FAK3, STM32MP251FAL3, STM32MP253AAI3, STM32MP253AAJ3, STM32MP253AAK3, STM32MP253AAL3, STM32MP253CAI3, STM32MP253CAJ3, STM32MP253CAK3, STM32MP253CAL3, STM32MP253DAI3, STM32MP253DAJ3, STM32MP253DAK3, STM32MP253DAL3, STM32MP253FAI3, STM32MP253FAJ3, STM32MP253FAK3, STM32MP253FAL3, STM32MP255AAI3, STM32MP255AAJ3, STM32MP255AAK3, STM32MP255AAL3, STM32MP255CAI3, STM32MP255CAJ3, STM32MP255CAK3, STM32MP255CAL3, STM32MP255DAI3, STM32MP255DAJ3, STM32MP255DAK3, STM32MP255DAL3, STM32MP255FAI3, STM32MP255FAJ3, STM32MP255FAK3, STM32MP255FAL3, STM32MP257AAI3, STM32MP257AAJ3, STM32MP257AAK3, STM32MP257AAL3, STM32MP257CAI3, STM32MP257CAJ3, STM32MP257CAK3, STM32MP257CAL3, STM32MP257DAI3, STM32MP257DAJ3, STM32MP257DAK3, STM32MP257DAL3, STM32MP257F-DK, STM32MP257F-EV1, STM32MP257FAI3, STM32MP257FAJ3, STM32MP257FAK3, STM32MP257FAL3, STM32N645A0H3Q, STM32N645B0H3Q, STM32N645I0H3Q, STM32N645L0H3Q, STM32N645X0H3Q, STM32N645Z0H3Q, STM32N647A0H3Q, STM32N647B0H3Q, STM32N647I0H3Q, STM32N647L0H3Q, STM32N647X0H3Q, STM32N647Z0H3Q, STM32N655A0H3Q, STM32N655B0H3Q, STM32N655I0H3Q, STM32N655L0H3Q, STM32N655X0H3Q, STM32N655Z0H3Q, STM32N6570-DK, STM32N657A0H3Q, STM32N657B0H3Q, STM32N657I0H3Q, STM32N657L0H3Q, STM32N657X0H3Q, STM32N657Z0H3Q, STM32U031C6T6, STM32U031C6U6, STM32U031C8T6, STM32U031C8U6, STM32U031F4P6, STM32U031F6P6, STM32U031F8P6, STM32U031G6Y6TR, STM32U031G8Y6TR, STM32U031K4U6, STM32U031K6U6, STM32U031K8U6, STM32U031R6I6, STM32U031R6T6, STM32U031R8I6, STM32U031R8T6, STM32U073C8T6, STM32U073C8U6, STM32U073CBT6, STM32U073CBU6, STM32U073CCT6, STM32U073CCU6, STM32U073H8Y6TR, STM32U073HBY6TR, STM32U073HCY6TR, STM32U073K8U6, STM32U073KBU6, STM32U073KCU6, STM32U073M8I6, STM32U073M8T6, STM32U073MBI6, STM32U073MBT6, STM32U073MCI6, STM32U073MCT6, STM32U073R8I6, STM32U073R8T6, STM32U073RBI6, STM32U073RBT6, STM32U073RCI6, STM32U073RCT6, STM32U083C-DK, STM32U083CCT6, STM32U083CCU6, STM32U083HCY6TR, STM32U083KCU6, STM32U083MCI6, STM32U083MCT6, STM32U083RCI6, STM32U083RCT6, STM32U375CET6, STM32U375CET6Q, STM32U375CEU6, STM32U375CEU6Q, STM32U375CEY6QTR, STM32U375CGT6, STM32U375CGT6Q, STM32U375CGU6, STM32U375CGU6Q, STM32U375CGY6QTR, STM32U375KEU6, STM32U375KGU6, STM32U375REI6, STM32U375REI6Q, STM32U375RET6, STM32U375RET6Q, STM32U375REY6GTR, STM32U375REY6QTR, STM32U375RGI6, STM32U375RGI6Q, STM32U375RGT6, STM32U375RGT6Q, STM32U375RGY6GTR, STM32U375RGY6QTR, STM32U375VEI6, STM32U375VEI6Q, STM32U375VET6, STM32U375VET6Q, STM32U375VGI6, STM32U375VGI6Q, STM32U375VGT6, STM32U375VGT6Q, STM32U385CGT6, STM32U385CGT6Q, STM32U385CGU6, STM32U385CGU6Q, STM32U385CGY6QTR, STM32U385KGU6, STM32U385RGI6, STM32U385RGI6Q, STM32U385RGT6, STM32U385RGT6Q, STM32U385RGY6GTR, STM32U385RGY6QTR, STM32U385VGI6, STM32U385VGI6Q, STM32U385VGT6, STM32U385VGT6Q, STM32U535CBT6, STM32U535CBT6Q, STM32U535CBU6, STM32U535CBU6Q, STM32U535CCT6, STM32U535CCT6Q, STM32U535CCU6, STM32U535CCU6Q, STM32U535CET6, STM32U535CET6Q, STM32U535CEU6, STM32U535CEU6Q, STM32U535JEY6QTR, STM32U535NCY6QTR, STM32U535NEY6QTR, STM32U535RBI6, STM32U535RBI6Q, STM32U535RBT6, STM32U535RBT6Q, STM32U535RCI6, STM32U535RCI6Q, STM32U535RCT6, STM32U535RCT6Q, STM32U535REI6, STM32U535REI6Q, STM32U535RET6, STM32U535RET6Q, STM32U535VCI6, STM32U535VCI6Q, STM32U535VCT6, STM32U535VCT6Q, STM32U535VEI6, STM32U535VEI6Q, STM32U535VET6, STM32U535VET6Q, STM32U545CET6, STM32U545CET6Q, STM32U545CEU6, STM32U545CEU6Q, STM32U545JEY6QTR, STM32U545NEY6QTR, STM32U545REI6, STM32U545REI6Q, STM32U545RET6, STM32U545RET6Q, STM32U545VEI6, STM32U545VEI6Q, STM32U545VET6, STM32U545VET6Q, STM32U595AIH6, STM32U595AIH6Q, STM32U595AJH6, STM32U595AJH6Q, STM32U595QII6, STM32U595QII6Q, STM32U595QJI6, STM32U595QJI6Q, STM32U595RIT6, STM32U595RIT6Q, STM32U595RJT6, STM32U595RJT6Q, STM32U595VIT6, STM32U595VIT6Q, STM32U595VJT6, STM32U595VJT6Q, STM32U595ZIT6, STM32U595ZIT6Q, STM32U595ZIY6QTR, STM32U595ZJT6, STM32U595ZJT6Q, STM32U595ZJY6QTR, STM32U599BJY6QTR, STM32U599NIH6Q, STM32U599NJH6Q, STM32U599VIT6Q, STM32U599VJT6, STM32U599VJT6Q, STM32U599ZIT6Q, STM32U599ZIY6QTR, STM32U599ZJT6Q, STM32U599ZJY6QTR, STM32U5A5AJH6, STM32U5A5AJH6Q, STM32U5A5QII3Q , STM32U5A5QJI6, STM32U5A5QJI6Q, STM32U5A5RJT6, STM32U5A5RJT6Q, STM32U5A5VJT6, STM32U5A5VJT6Q, STM32U5A5ZJT6, STM32U5A5ZJT6Q, STM32U5A5ZJY6QTR, STM32U5A9BJY6QTR, STM32U5A9J-DK, STM32U5A9NJH6Q, STM32U5A9VJT6Q, STM32U5A9ZJT6Q, STM32U5A9ZJY6QTR, STM32U5F7VIT6, STM32U5F7VIT6Q, STM32U5F7VJT6, STM32U5F7VJT6Q, STM32U5F9BJY6QTR, STM32U5F9NJH6Q, STM32U5F9VIT6Q, STM32U5F9VJT6Q, STM32U5F9ZIJ6QTR, STM32U5F9ZIT6Q, STM32U5F9ZJJ6QTR, STM32U5F9ZJT6Q, STM32U5G7VJT6, STM32U5G7VJT6Q, STM32U5G9BJY6QTR, STM32U5G9J-DK1, STM32U5G9J-DK2, STM32U5G9NJH6Q, STM32U5G9VJT6Q, STM32U5G9ZJJ6QTR, STM32U5G9ZJT6Q, STM32WB05KZV6TR, STM32WB05KZV7TR, STM32WB05TZF6TR, STM32WB05TZF7TR, STM32WB06CCF6TR, STM32WB06CCF7TR, STM32WB06CCV6TR, STM32WB06CCV7TR, STM32WB06KCV6TR, STM32WB06KCV7TR, STM32WB07CCF6TR, STM32WB07CCF7TR, STM32WB07CCV6TR, STM32WB07CCV7TR, STM32WB07KCV6TR, STM32WB07KCV7TR, STM32WB09KEV6TR, STM32WB09KEV7TR, STM32WB09TEF6TR, STM32WB09TEF7TR, STM32WB1MMCH6, STM32WBA50KGU6, STM32WBA50KGU6TR, STM32WBA52CEU6, STM32WBA52CEU6TR, STM32WBA52CEU7, STM32WBA52CEU7TR, STM32WBA52CGU6, STM32WBA52CGU6TR, STM32WBA52CGU6U, STM32WBA52CGU7, STM32WBA52CGU7TR, STM32WBA52KEU6, STM32WBA52KEU6TR, STM32WBA52KGU6, STM32WBA52KGU6TR, STM32WBA54CEU6, STM32WBA54CEU6TR, STM32WBA54CEU7, STM32WBA54CEU7TR, STM32WBA54CGU6, STM32WBA54CGU6TR, STM32WBA54CGU7, STM32WBA54CGU7TR, STM32WBA54KEU6, STM32WBA54KEU6TR, STM32WBA54KEU7, STM32WBA54KEU7TR, STM32WBA54KGU6, STM32WBA54KGU6TR, STM32WBA54KGU7, STM32WBA54KGU7TR, STM32WBA55CEU6, STM32WBA55CEU6TR, STM32WBA55CEU7, STM32WBA55CEU7TR, STM32WBA55CGU6, STM32WBA55CGU6TR, STM32WBA55CGU6U, STM32WBA55CGU7, STM32WBA55CGU7TR, STM32WBA55G-DK1, STM32WBA55HEF6, STM32WBA55HEF7, STM32WBA55HGF6, STM32WBA55HGF7, STM32WBA55UEI6, STM32WBA55UEI6TR, STM32WBA55UEI7, STM32WBA55UEI7TR, STM32WBA55UGI6, STM32WBA55UGI6TR, STM32WBA55UGI7, STM32WBA55UGI7TR, STM32WBA5MJGH6TR, STM32WBA62CGU6, STM32WBA62CIU6, STM32WBA62MGF6, STM32WBA62MIF6, STM32WBA62PGI6, STM32WBA62PII6, STM32WBA63CGU6, STM32WBA63CGU7, STM32WBA63CIU6, STM32WBA63CIU7, STM32WBA64CGU6, STM32WBA64CGU7, STM32WBA64CIU6, STM32WBA64CIU7, STM32WBA65CGU6, STM32WBA65CGU7, STM32WBA65CIU6, STM32WBA65CIU7, STM32WBA65I-DK1, STM32WBA65MGF6, STM32WBA65MGF7, STM32WBA65MIF6, STM32WBA65MIF7, STM32WBA65PGI6, STM32WBA65PGI7, STM32WBA65PII6, STM32WBA65PII7, STM32WBA65RGV6, STM32WBA65RGV7, STM32WBA65RIV6, STM32WBA65RIV7, STM32WL30K8V6, STM32WL30KBV6, STM32WL31C8V6, STM32WL31CBV6, STM32WL31K8V6, STM32WL31KBV6, STM32WL33C8V6, STM32WL33C8V6TR, STM32WL33C8V7, STM32WL33C8V7TR, STM32WL33CBV6, STM32WL33CBV6TR, STM32WL33CBV7, STM32WL33CBV7TR, STM32WL33CCV6, STM32WL33CCV6TR, STM32WL33CCV7, STM32WL33CCV7A, STM32WL33CCV7ATR, STM32WL33CCV7TR, STM32WL33K8V6, STM32WL33K8V6TR, STM32WL33K8V7, STM32WL33K8V7TR, STM32WL33KBV6, STM32WL33KBV6TR, STM32WL33KBV7, STM32WL33KBV7TR, STM32WL33KCV6, STM32WL33KCV6TR, STM32WL33KCV7, STM32WL33KCV7TR, STM32WL5MOCH6, STM32WL5MOCH6TR]
2025-11-04 09:08:40,039 [INFO] DbMcus:218 - Found 4747 MCUs, 4747 are supported
2025-11-04 09:08:40,055 [INFO] ApiDb:423 - Load user favorites file C:\Users\jachanya/.stm32cubeide/favorites.mcus.txt: 0 item(s)
2025-11-04 09:08:40,061 [INFO] ApiDb:427 - User favorites MCUs=[]
2025-11-04 09:08:40,067 [INFO] DbMcus:224 - Set 0 / 0 favorites MCUs
2025-11-04 09:08:41,521 [INFO] BoardInfo:889 - No configuration file found for board P-NUCLEO-WB55
2025-11-04 09:08:41,537 [INFO] DbBoards:161 - Kit is not supported: P-NUCLEO-WB55
2025-11-04 09:08:41,571 [INFO] BoardInfo:889 - No configuration file found for board STEVAL-BFA001V1B
2025-11-04 09:08:41,582 [INFO] DbBoards:161 - Kit is not supported: STEVAL-BFA001V1B
2025-11-04 09:08:41,620 [INFO] BoardInfo:889 - No configuration file found for board STEVAL-BFA001V2B
2025-11-04 09:08:41,634 [INFO] DbBoards:161 - Kit is not supported: STEVAL-BFA001V2B
2025-11-04 09:08:42,083 [INFO] DbBoards:168 - Found 211 boards, 208 are supported
2025-11-04 09:08:42,104 [INFO] DbBoards:169 - Found 211 boards, 43 of them is supported for  Bsp
2025-11-04 09:08:42,168 [INFO] ApiDb:423 - Load user favorites file C:\Users\jachanya/.stm32cubeide/favorites.boards.txt: 0 item(s)
2025-11-04 09:08:42,193 [INFO] ApiDb:427 - User favorites Boards=[]
2025-11-04 09:08:42,280 [INFO] DbBoards:198 - Set 0 / 0 favorites Boards
2025-11-04 09:08:42,362 [INFO] UtilMem:75 - End LoadConfig() Used Memory: 686119056 Bytes (1073741824)
2025-11-04 09:08:43,059 [WARN] ThirdParty:833 - waiting for thirdparty lock release [change project]
2025-11-04 09:08:43,077 [INFO] ThirdParty:835 - entering critical section [change project]
2025-11-04 09:08:43,089 [INFO] ThirdParty:1030 - CMSIS Pack Vendor :STMicroelectronics X-CUBE-PM33A1 1.0.0
2025-11-04 09:08:43,116 [INFO] ThirdParty:1030 - CMSIS Pack Vendor :STMicroelectronics USBPD 4.1
2025-11-04 09:08:43,139 [INFO] ThirdParty:1030 - CMSIS Pack Vendor :STMicroelectronics X-CUBE-GNSS1 6.0.0
2025-11-04 09:08:43,175 [INFO] ThirdParty:1030 - CMSIS Pack Vendor :STMicroelectronics USB_HOST 2.0.0
2025-11-04 09:08:43,221 [INFO] ThirdParty:1030 - CMSIS Pack Vendor :STMicroelectronics FP-SNS-MOTENVWB1 1.4.0
2025-11-04 09:08:43,232 [INFO] ThirdParty:1030 - CMSIS Pack Vendor :STMicroelectronics X-CUBE-AZRTOS-F4 1.1.0
2025-11-04 09:08:43,265 [INFO] ThirdParty:1030 - CMSIS Pack Vendor :STMicroelectronics LIBJPEG 8.0.0
2025-11-04 09:08:43,276 [INFO] ThirdParty:1030 - CMSIS Pack Vendor :STMicroelectronics FP-ATR-ASTRA1 2.0.2
2025-11-04 09:08:43,282 [INFO] ThirdParty:1030 - CMSIS Pack Vendor :STMicroelectronics FP-ATR-ASTRA1 2.0.1
2025-11-04 09:08:43,307 [INFO] ThirdParty:1030 - CMSIS Pack Vendor :Avnet-IotConnect X-CUBE-IoTC-DA16k-PMOD 1.0.0
2025-11-04 09:08:43,349 [INFO] ThirdParty:1030 - CMSIS Pack Vendor :STMicroelectronics X-CUBE-SMBUS 2.1.0
2025-11-04 09:08:43,373 [INFO] ThirdParty:1030 - CMSIS Pack Vendor :STMicroelectronics X-CUBE-WB05N 1.1.0
2025-11-04 09:08:43,384 [INFO] ThirdParty:1030 - CMSIS Pack Vendor :STMicroelectronics X-CUBE-ISPU 2.1.0
2025-11-04 09:08:43,394 [INFO] ThirdParty:1030 - CMSIS Pack Vendor :STMicroelectronics X-CUBE-FREERTOS 1.2.0
2025-11-04 09:08:43,430 [INFO] ThirdParty:1030 - CMSIS Pack Vendor :STMicroelectronics X-CUBE-ST60 1.0.0
2025-11-04 09:08:43,449 [INFO] ThirdParty:1030 - CMSIS Pack Vendor :STMicroelectronics X-CUBE-NFC12 1.0.0
2025-11-04 09:08:43,460 [INFO] ThirdParty:1030 - CMSIS Pack Vendor :STMicroelectronics X-CUBE-AZRTOS-F7 1.1.0
2025-11-04 09:08:43,468 [INFO] ThirdParty:1030 - CMSIS Pack Vendor :STMicroelectronics X-CUBE-AZRTOS-L5 2.0.0
2025-11-04 09:08:43,478 [INFO] ThirdParty:1030 - CMSIS Pack Vendor :STMicroelectronics USB_DEVICE 2.0.0
2025-11-04 09:08:43,496 [INFO] ThirdParty:1030 - CMSIS Pack Vendor :STMicroelectronics X-CUBE-NFC6 3.1.0
2025-11-04 09:08:43,528 [INFO] ThirdParty:1030 - CMSIS Pack Vendor :STMicroelectronics X-CUBE-MEMS1 11.0.0
2025-11-04 09:08:43,554 [INFO] ThirdParty:1030 - CMSIS Pack Vendor :STMicroelectronics FreeRTOS 0.0.1
2025-11-04 09:08:43,575 [INFO] ThirdParty:1030 - CMSIS Pack Vendor :STMicroelectronics X-CUBE-DPower 1.2.0
2025-11-04 09:08:43,591 [INFO] ThirdParty:1030 - CMSIS Pack Vendor :STMicroelectronics FP-SNS-FLIGHT1 5.0.2
2025-11-04 09:08:43,612 [INFO] ThirdParty:1030 - CMSIS Pack Vendor :STMicroelectronics X-CUBE-AI 9.0.0
2025-11-04 09:08:43,624 [INFO] ThirdParty:1030 - CMSIS Pack Vendor :STMicroelectronics PDM2PCM 3.3.0
2025-11-04 09:08:43,649 [INFO] ThirdParty:1030 - CMSIS Pack Vendor :STMicroelectronics X-CUBE-AZRTOS-H7 3.4.0
2025-11-04 09:08:43,694 [INFO] ThirdParty:1030 - CMSIS Pack Vendor :STMicroelectronics X-CUBE-DISPLAY 3.0.0
2025-11-04 09:08:43,713 [INFO] ThirdParty:1030 - CMSIS Pack Vendor :STMicroelectronics X-CUBE-BLE1 7.0.0
2025-11-04 09:08:43,768 [INFO] ThirdParty:1030 - CMSIS Pack Vendor :STMicroelectronics X-CUBE-NFC10 1.0.0
2025-11-04 09:08:43,782 [INFO] ThirdParty:1030 - CMSIS Pack Vendor :STMicroelectronics X-CUBE-BLEMGR 4.0.0
2025-11-04 09:08:43,802 [INFO] ThirdParty:1030 - CMSIS Pack Vendor :STMicroelectronics X-CUBE-FREERTOS 1.3.1
2025-11-04 09:08:43,822 [INFO] ThirdParty:1030 - CMSIS Pack Vendor :STMicroelectronics HAL Drivers 0.0.0
2025-11-04 09:08:43,853 [INFO] ThirdParty:1030 - CMSIS Pack Vendor :STMicroelectronics X-CUBE-ST60 1.1.0
2025-11-04 09:08:43,883 [INFO] ThirdParty:1030 - CMSIS Pack Vendor :emotas I-CUBE-CANOPEN 1.3.0
2025-11-04 09:08:43,917 [INFO] ThirdParty:1030 - CMSIS Pack Vendor :STMicroelectronics X-CUBE-NFC7 1.0.1
2025-11-04 09:08:43,973 [INFO] ThirdParty:1030 - CMSIS Pack Vendor :STMicroelectronics MBEDTLS 2.14.1
2025-11-04 09:08:43,988 [INFO] ThirdParty:1030 - CMSIS Pack Vendor :STMicroelectronics X-CUBE-GNSS1 7.1.0
2025-11-04 09:08:43,999 [INFO] ThirdParty:1030 - CMSIS Pack Vendor :wolfSSL I-CUBE-wolfTPM 3.2.0
2025-11-04 09:08:44,019 [INFO] ThirdParty:1030 - CMSIS Pack Vendor :STMicroelectronics X-CUBE-TOUCHGFX 4.26.0
2025-11-04 09:08:44,037 [INFO] ThirdParty:1030 - CMSIS Pack Vendor :STMicroelectronics X-CUBE-BLEMGR 3.1.0
2025-11-04 09:08:44,048 [INFO] ThirdParty:1030 - CMSIS Pack Vendor :STMicroelectronics X-CUBE-AI 10.0.0
2025-11-04 09:08:44,069 [INFO] ThirdParty:1030 - CMSIS Pack Vendor :STMicroelectronics FP-SNS-STAIOTCFT 1.0.0
2025-11-04 09:08:44,080 [INFO] ThirdParty:1030 - CMSIS Pack Vendor :STMicroelectronics FP-SNS-SMARTAG2 1.2.0
2025-11-04 09:08:44,096 [INFO] ThirdParty:1030 - CMSIS Pack Vendor :STMicroelectronics FP-SNS-FLIGHT1 5.1.0
2025-11-04 09:08:44,119 [INFO] ThirdParty:1030 - CMSIS Pack Vendor :STMicroelectronics X-CUBE-AZRTOS-WL 2.0.0
2025-11-04 09:08:44,139 [INFO] ThirdParty:1030 - CMSIS Pack Vendor :STMicroelectronics X-CUBE-DPower 1.3.0
2025-11-04 09:08:44,164 [INFO] ThirdParty:1030 - CMSIS Pack Vendor :STMicroelectronics FP-SNS-MOTENV1 5.0.0
2025-11-04 09:08:44,217 [INFO] ThirdParty:1030 - CMSIS Pack Vendor :STMicroelectronics USB_DEVICE 1.0.0
2025-11-04 09:08:44,272 [INFO] ThirdParty:1030 - CMSIS Pack Vendor :wolfSSL I-CUBE-wolfMQTT 1.19.0
2025-11-04 09:08:44,292 [INFO] ThirdParty:1030 - CMSIS Pack Vendor :STMicroelectronics X-CUBE-AZRTOS-L4 2.0.0
2025-11-04 09:08:44,316 [INFO] ThirdParty:1030 - CMSIS Pack Vendor :STMicroelectronics ThreadX 0.0.2
2025-11-04 09:08:44,333 [INFO] ThirdParty:1030 - CMSIS Pack Vendor :WES I-CUBE-Cesium 1.3.0
2025-11-04 09:08:44,350 [INFO] ThirdParty:1030 - CMSIS Pack Vendor :STMicroelectronics lwIP 2.1.2
2025-11-04 09:08:44,384 [INFO] ThirdParty:1030 - CMSIS Pack Vendor :STMicroelectronics X-CUBE-SFXS2LP1 4.0.0
2025-11-04 09:08:44,423 [INFO] ThirdParty:1030 - CMSIS Pack Vendor :STMicroelectronics X-CUBE-BLE2 3.3.0
2025-11-04 09:08:44,494 [INFO] ThirdParty:1030 - CMSIS Pack Vendor :STMicroelectronics PDM2PCM 3.2.0
2025-11-04 09:08:44,539 [INFO] ThirdParty:1030 - CMSIS Pack Vendor :STMicroelectronics X-CUBE-AZRTOS-H7 3.3.0
2025-11-04 09:08:44,587 [INFO] ThirdParty:1030 - CMSIS Pack Vendor :STMicroelectronics X-CUBE-NFC9 1.0.0
2025-11-04 09:08:44,611 [INFO] ThirdParty:1030 - CMSIS Pack Vendor :STMicroelectronics X-CUBE-BLE1 7.1.0
2025-11-04 09:08:44,627 [INFO] ThirdParty:1030 - CMSIS Pack Vendor :STMicroelectronics USB_DEVICE 3.0.0
2025-11-04 09:08:44,638 [INFO] ThirdParty:1030 - CMSIS Pack Vendor :STMicroelectronics X-CUBE-TCPP 4.1.0
2025-11-04 09:08:44,646 [INFO] ThirdParty:1030 - CMSIS Pack Vendor :STMicroelectronics X-CUBE-EEPRMA1 5.2.0
2025-11-04 09:08:44,676 [INFO] ThirdParty:1030 - CMSIS Pack Vendor :STMicroelectronics X-CUBE-BLEMGR 4.1.0
2025-11-04 09:08:44,713 [INFO] ThirdParty:1030 - CMSIS Pack Vendor :STMicroelectronics X-CUBE-IPS 3.0.0
2025-11-04 09:08:44,724 [INFO] ThirdParty:1030 - CMSIS Pack Vendor :STMicroelectronics X-CUBE-AZRTOS-WB 2.0.0
2025-11-04 09:08:44,753 [INFO] ThirdParty:1030 - CMSIS Pack Vendor :STMicroelectronics X-CUBE-GNSS1 7.0.0
2025-11-04 09:08:44,788 [INFO] ThirdParty:1030 - CMSIS Pack Vendor :STMicroelectronics X-CUBE-GNSS1 7.0.1
2025-11-04 09:08:44,822 [INFO] ThirdParty:1030 - CMSIS Pack Vendor :STMicroelectronics X-CUBE-TOUCHGFX 4.25.0
2025-11-04 09:08:44,832 [INFO] ThirdParty:1030 - CMSIS Pack Vendor :STMicroelectronics FP-SNS-STBOX1 2.0.0
2025-11-04 09:08:44,857 [INFO] ThirdParty:1030 - CMSIS Pack Vendor :STMicroelectronics X-CUBE-MEMS1 11.2.0
2025-11-04 09:08:44,871 [INFO] ThirdParty:1030 - CMSIS Pack Vendor :STMicroelectronics X-CUBE-AZRTOS-G0 1.1.0
2025-11-04 09:08:44,934 [INFO] ThirdParty:1030 - CMSIS Pack Vendor :STMicroelectronics X-CUBE-SAFEA1 1.2.2
2025-11-04 09:08:44,968 [INFO] ThirdParty:1030 - CMSIS Pack Vendor :STMicroelectronics X-CUBE-NFC4 3.0.0
2025-11-04 09:08:44,978 [INFO] ThirdParty:1030 - CMSIS Pack Vendor :STMicroelectronics X-CUBE-SUBG2 5.0.0
2025-11-04 09:08:45,009 [INFO] ThirdParty:1030 - CMSIS Pack Vendor :STMicroelectronics X-CUBE-AZRTOS-H7RS 1.1.0
2025-11-04 09:08:45,023 [INFO] ThirdParty:1030 - CMSIS Pack Vendor :STMicroelectronics STM32_WPAN 1.0.0
2025-11-04 09:08:45,058 [INFO] ThirdParty:1030 - CMSIS Pack Vendor :EmbeddedOffice I-CUBE-FS-RTOS 1.0.1
2025-11-04 09:08:45,091 [INFO] ThirdParty:1030 - CMSIS Pack Vendor :STMicroelectronics lwIP 2.0.3
2025-11-04 09:08:45,109 [INFO] ThirdParty:1030 - CMSIS Pack Vendor :Cesanta I-CUBE-Mongoose 7.13.0
2025-11-04 09:08:45,120 [INFO] ThirdParty:1030 - CMSIS Pack Vendor :STMicroelectronics USB_HOST 1.0.0
2025-11-04 09:08:45,149 [INFO] ThirdParty:1030 - CMSIS Pack Vendor :STMicroelectronics X-CUBE-AZRTOS-G4 2.0.0
2025-11-04 09:08:45,164 [INFO] ThirdParty:1030 - CMSIS Pack Vendor :STMicroelectronics X-CUBE-WB05N 2.0.0
2025-11-04 09:08:45,173 [INFO] ThirdParty:1030 - CMSIS Pack Vendor :STMicroelectronics PDM2PCM 3.1.0
2025-11-04 09:08:45,184 [INFO] ThirdParty:1030 - CMSIS Pack Vendor :STMicroelectronics X-CUBE-NFC7 2.0.0
2025-11-04 09:08:45,198 [INFO] ThirdParty:1030 - CMSIS Pack Vendor :STMicroelectronics X-CUBE-TCPP 4.2.0
2025-11-04 09:08:45,223 [INFO] ThirdParty:1030 - CMSIS Pack Vendor :RealThread X-CUBE-RT-Thread_Nano 4.1.1
2025-11-04 09:08:45,230 [INFO] ThirdParty:1030 - CMSIS Pack Vendor :STMicroelectronics FP-ATR-SIGFOX1 3.2.0
2025-11-04 09:08:45,250 [INFO] ThirdParty:1030 - CMSIS Pack Vendor :wolfSSL I-CUBE-wolfSSL 5.7.2
2025-11-04 09:08:45,266 [INFO] ThirdParty:1030 - CMSIS Pack Vendor :quantropi X-CUBE-qispace-sdk-base 1.9.3
2025-11-04 09:08:45,276 [INFO] ThirdParty:1030 - CMSIS Pack Vendor :STMicroelectronics X-CUBE-ISPU 2.0.0
2025-11-04 09:08:45,305 [INFO] ThirdParty:1030 - CMSIS Pack Vendor :STMicroelectronics X-CUBE-EEPRMA1 5.1.0
2025-11-04 09:08:45,343 [INFO] ThirdParty:1030 - CMSIS Pack Vendor :STMicroelectronics MBEDTLS 2.16.2
2025-11-04 09:08:45,349 [INFO] ThirdParty:1030 - CMSIS Pack Vendor :STMicroelectronics X-CUBE-IPS 3.1.0
2025-11-04 09:08:45,358 [INFO] ThirdParty:1030 - CMSIS Pack Vendor :STMicroelectronics X-CUBE-ALS 1.0.2
2025-11-04 09:08:45,423 [INFO] ThirdParty:1030 - CMSIS Pack Vendor :STMicroelectronics X-CUBE-MEMS1 10.0.0
2025-11-04 09:08:45,432 [INFO] ThirdParty:1030 - CMSIS Pack Vendor :STMicroelectronics X-CUBE-TOUCHGFX 4.24.0
2025-11-04 09:08:45,448 [INFO] ThirdParty:1030 - CMSIS Pack Vendor :ITTIA_DB I-CUBE-ITTIADB 8.9.0
2025-11-04 09:08:45,478 [INFO] ThirdParty:1030 - CMSIS Pack Vendor :STMicroelectronics X-CUBE-TOUCHGFX 4.24.1
2025-11-04 09:08:45,514 [INFO] ThirdParty:1030 - CMSIS Pack Vendor :STMicroelectronics X-CUBE-STSE01 1.0.0
2025-11-04 09:08:45,551 [INFO] ThirdParty:1030 - CMSIS Pack Vendor :portGmbH I-Cube-SoM-uGOAL 1.1.0
2025-11-04 09:08:45,590 [INFO] ThirdParty:1030 - CMSIS Pack Vendor :STMicroelectronics X-CUBE-ST67W61 1.0.0
2025-11-04 09:08:45,611 [INFO] ThirdParty:1030 - CMSIS Pack Vendor :STMicroelectronics X-CUBE-AI 10.2.0
2025-11-04 09:08:45,625 [INFO] ThirdParty:1030 - CMSIS Pack Vendor :STMicroelectronics ThreadX 1.0.0
2025-11-04 09:08:45,644 [INFO] ThirdParty:1030 - CMSIS Pack Vendor :SEGGER I-CUBE-embOS 1.3.1
2025-11-04 09:08:45,670 [INFO] ThirdParty:1030 - CMSIS Pack Vendor :STMicroelectronics X-CUBE-ALGOBUILD 1.4.0
2025-11-04 09:08:45,685 [INFO] ThirdParty:1030 - CMSIS Pack Vendor :STMicroelectronics X-CUBE-MEMS1 11.3.0
2025-11-04 09:08:45,717 [INFO] ThirdParty:1030 - CMSIS Pack Vendor :STMicroelectronics X-CUBE-AZRTOS-H7RS 1.0.0
2025-11-04 09:08:45,745 [INFO] ThirdParty:1030 - CMSIS Pack Vendor :STMicroelectronics FP-ATR-ASTRA1 2.0.0
2025-11-04 09:08:45,775 [INFO] ThirdParty:1030 - CMSIS Pack Vendor :STMicroelectronics X-CUBE-TOF1 3.4.2
2025-11-04 09:08:45,787 [INFO] ThirdParty:1030 - CMSIS Pack Vendor :STMicroelectronics X-CUBE-TOF1 3.4.3
2025-11-04 09:08:45,815 [INFO] ThirdParty:1030 - CMSIS Pack Vendor :STMicroelectronics X-CUBE-AI 9.1.0
2025-11-04 09:08:45,854 [INFO] ThirdParty:1030 - CMSIS Pack Vendor :STMicroelectronics X-CUBE-TOF1 3.4.1
2025-11-04 09:08:45,893 [INFO] ThirdParty:1030 - CMSIS Pack Vendor :STMicroelectronics X-CUBE-AZRTOS-H7 3.2.0
2025-11-04 09:08:45,908 [INFO] ThirdParty:1030 - CMSIS Pack Vendor :Infineon AIROC-Wi-Fi-Bluetooth-STM32 1.6.0
2025-11-04 09:08:45,927 [INFO] ThirdParty:1030 - CMSIS Pack Vendor :wolfSSL I-CUBE-wolfSSH 1.4.17
2025-11-04 09:08:45,949 [INFO] ThirdParty:841 - exiting critical section [change project]
2025-11-04 09:08:47,772 [INFO] PinOutPanel:1589 - setPackage(No Configuration,No Configuration)
2025-11-04 09:08:47,805 [INFO] PinOutPanel:1589 - setPackage(STM32H723ZGTx,LQFP144)
2025-11-04 09:08:49,678 [INFO] UtilMem:75 - Before build in PCC Used Memory: 865599488 Bytes (1073741824)
2025-11-04 09:08:53,972 [INFO] UtilMem:75 - After build in PCC Used Memory: 987641984 Bytes (1073741824)
2025-11-04 09:08:54,170 [INFO] ApiDbMcu:508 - Load IP Config File for USB_DEVICE
2025-11-04 09:08:54,453 [INFO] IPUIPlugin:80 - create IPUIPlugin
2025-11-04 09:08:54,480 [INFO] IPUIPlugin:80 - create IPUIPlugin
2025-11-04 09:08:54,510 [INFO] IPUIPlugin:80 - create IPUIPlugin
2025-11-04 09:08:54,528 [INFO] IPUIPlugin:80 - create IPUIPlugin
2025-11-04 09:08:54,545 [INFO] IPUIPlugin:80 - create IPUIPlugin
2025-11-04 09:08:54,565 [INFO] IPUIPlugin:80 - create IPUIPlugin
2025-11-04 09:08:54,685 [INFO] IPUIPlugin:80 - create IPUIPlugin
2025-11-04 09:08:54,691 [INFO] IPUIPlugin:80 - create IPUIPlugin
2025-11-04 09:08:54,702 [INFO] IPUIPlugin:80 - create IPUIPlugin
2025-11-04 09:08:54,737 [INFO] IPUIPlugin:80 - create IPUIPlugin
2025-11-04 09:08:54,751 [INFO] IPUIPlugin:80 - create IPUIPlugin
2025-11-04 09:08:54,865 [INFO] IPUIPlugin:80 - create IPUIPlugin
2025-11-04 09:08:54,892 [INFO] IPUIPlugin:80 - create IPUIPlugin
2025-11-04 09:08:54,901 [INFO] IPUIPlugin:80 - create IPUIPlugin
2025-11-04 09:08:54,920 [INFO] IPUIPlugin:80 - create IPUIPlugin
2025-11-04 09:08:54,966 [INFO] IPUIPlugin:80 - create IPUIPlugin
2025-11-04 09:08:54,980 [INFO] IPUIPlugin:80 - create IPUIPlugin
2025-11-04 09:08:55,117 [INFO] IPUIPlugin:80 - create IPUIPlugin
2025-11-04 09:08:55,182 [INFO] IPUIPlugin:80 - create IPUIPlugin
2025-11-04 09:08:55,193 [INFO] IPUIPlugin:80 - create IPUIPlugin
2025-11-04 09:08:55,201 [INFO] IPUIPlugin:80 - create IPUIPlugin
2025-11-04 09:08:55,255 [INFO] IPUIPlugin:80 - create IPUIPlugin
2025-11-04 09:08:55,400 [INFO] IPUIPlugin:80 - create IPUIPlugin
2025-11-04 09:08:55,536 [INFO] IPUIPlugin:80 - create IPUIPlugin
2025-11-04 09:08:55,542 [INFO] IPUIPlugin:80 - create IPUIPlugin
2025-11-04 09:08:55,569 [INFO] IPUIPlugin:80 - create IPUIPlugin
2025-11-04 09:08:55,581 [INFO] IPUIPlugin:80 - create IPUIPlugin
2025-11-04 09:08:55,591 [INFO] IPUIPlugin:80 - create IPUIPlugin
2025-11-04 09:08:55,718 [INFO] IPUIPlugin:80 - create IPUIPlugin
2025-11-04 09:08:55,734 [INFO] IPUIPlugin:80 - create IPUIPlugin
2025-11-04 09:08:55,750 [INFO] IPUIPlugin:80 - create IPUIPlugin
2025-11-04 09:08:55,782 [INFO] IPUIPlugin:80 - create IPUIPlugin
2025-11-04 09:08:55,798 [INFO] IPUIPlugin:80 - create IPUIPlugin
2025-11-04 09:08:55,920 [INFO] IPUIPlugin:80 - create IPUIPlugin
2025-11-04 09:08:55,929 [INFO] IPUIPlugin:80 - create IPUIPlugin
2025-11-04 09:08:55,939 [INFO] IPUIPlugin:80 - create IPUIPlugin
2025-11-04 09:08:55,950 [INFO] IPUIPlugin:80 - create IPUIPlugin
2025-11-04 09:08:55,990 [INFO] IPUIPlugin:80 - create IPUIPlugin
2025-11-04 09:08:55,998 [INFO] IPUIPlugin:80 - create IPUIPlugin
2025-11-04 09:08:56,156 [INFO] IPUIPlugin:80 - create IPUIPlugin
2025-11-04 09:08:56,174 [INFO] IPUIPlugin:80 - create IPUIPlugin
2025-11-04 09:08:56,194 [INFO] IPUIPlugin:80 - create IPUIPlugin
2025-11-04 09:08:56,329 [INFO] IPUIPlugin:80 - create IPUIPlugin
2025-11-04 09:08:56,349 [INFO] IPUIPlugin:80 - create IPUIPlugin
2025-11-04 09:08:56,373 [INFO] IPUIPlugin:80 - create IPUIPlugin
2025-11-04 09:08:56,549 [INFO] IPUIPlugin:80 - create IPUIPlugin
2025-11-04 09:08:56,573 [INFO] IPUIPlugin:80 - create IPUIPlugin
2025-11-04 09:08:56,619 [INFO] IPUIPlugin:80 - create IPUIPlugin
2025-11-04 09:08:56,773 [INFO] IPUIPlugin:80 - create IPUIPlugin
2025-11-04 09:08:56,787 [INFO] IPUIPlugin:80 - create IPUIPlugin
2025-11-04 09:08:56,805 [INFO] IPUIPlugin:80 - create IPUIPlugin
2025-11-04 09:08:56,820 [INFO] IPUIPlugin:80 - create IPUIPlugin
2025-11-04 09:08:56,948 [INFO] IPUIPlugin:80 - create IPUIPlugin
2025-11-04 09:08:56,962 [INFO] IPUIPlugin:80 - create IPUIPlugin
2025-11-04 09:08:56,979 [INFO] IPUIPlugin:80 - create IPUIPlugin
2025-11-04 09:08:57,028 [INFO] IPUIPlugin:80 - create IPUIPlugin
2025-11-04 09:08:57,286 [INFO] IPUIPlugin:80 - create IPUIPlugin
2025-11-04 09:08:57,299 [INFO] IPUIPlugin:80 - create IPUIPlugin
2025-11-04 09:08:57,356 [INFO] IPUIPlugin:80 - create IPUIPlugin
2025-11-04 09:08:57,365 [INFO] IPUIPlugin:80 - create IPUIPlugin
2025-11-04 09:08:57,399 [INFO] IPUIPlugin:80 - create IPUIPlugin
2025-11-04 09:08:57,453 [INFO] IPUIPlugin:80 - create IPUIPlugin
2025-11-04 09:08:57,505 [INFO] IPUIPlugin:80 - create IPUIPlugin
2025-11-04 09:08:57,531 [INFO] IPUIPlugin:80 - create IPUIPlugin
2025-11-04 09:08:57,557 [INFO] IPUIPlugin:80 - create IPUIPlugin
2025-11-04 09:08:57,574 [INFO] IPUIPlugin:80 - create IPUIPlugin
2025-11-04 09:08:57,621 [INFO] IPUIPlugin:80 - create IPUIPlugin
2025-11-04 09:08:57,670 [INFO] IPUIPlugin:80 - create IPUIPlugin
2025-11-04 09:08:57,679 [INFO] IPUIPlugin:80 - create IPUIPlugin
2025-11-04 09:08:57,723 [INFO] IPUIPlugin:80 - create IPUIPlugin
2025-11-04 09:08:57,772 [INFO] IPUIPlugin:80 - create IPUIPlugin
2025-11-04 09:08:57,803 [INFO] IPUIPlugin:80 - create IPUIPlugin
2025-11-04 09:08:57,834 [INFO] IPUIPlugin:80 - create IPUIPlugin
2025-11-04 09:08:57,878 [INFO] IPUIPlugin:80 - create IPUIPlugin
2025-11-04 09:08:57,885 [INFO] IPUIPlugin:80 - create IPUIPlugin
2025-11-04 09:08:57,933 [INFO] IPUIPlugin:80 - create IPUIPlugin
2025-11-04 09:08:57,988 [INFO] IPUIPlugin:80 - create IPUIPlugin
2025-11-04 09:08:58,018 [INFO] IPUIPlugin:80 - create IPUIPlugin
2025-11-04 09:08:58,060 [INFO] IPUIPlugin:80 - create IPUIPlugin
2025-11-04 09:08:58,095 [INFO] IPUIPlugin:80 - create IPUIPlugin
2025-11-04 09:08:58,104 [INFO] IPUIPlugin:80 - create IPUIPlugin
2025-11-04 09:08:58,131 [INFO] IPUIPlugin:80 - create IPUIPlugin
2025-11-04 09:08:58,159 [INFO] IPUIPlugin:80 - create IPUIPlugin
2025-11-04 09:08:58,163 [INFO] IPUIPlugin:80 - create IPUIPlugin
2025-11-04 09:08:58,194 [INFO] IPUIPlugin:80 - create IPUIPlugin
2025-11-04 09:08:58,203 [INFO] IPUIPlugin:80 - create IPUIPlugin
2025-11-04 09:08:58,219 [INFO] IPUIPlugin:80 - create IPUIPlugin
2025-11-04 09:08:58,229 [INFO] IPUIPlugin:80 - create IPUIPlugin
2025-11-04 09:08:58,236 [INFO] IPUIPlugin:80 - create IPUIPlugin
2025-11-04 09:08:58,305 [INFO] IPUIPlugin:80 - create IPUIPlugin
2025-11-04 09:08:58,328 [INFO] IPUIPlugin:80 - create IPUIPlugin
2025-11-04 09:08:58,356 [INFO] IPUIPlugin:80 - create IPUIPlugin
2025-11-04 09:08:58,394 [INFO] IPUIPlugin:80 - create IPUIPlugin
2025-11-04 09:08:58,420 [INFO] IPUIPlugin:80 - create IPUIPlugin
2025-11-04 09:08:58,461 [INFO] IPUIPlugin:80 - create IPUIPlugin
2025-11-04 09:08:58,478 [INFO] IPUIPlugin:80 - create IPUIPlugin
2025-11-04 09:08:58,505 [INFO] IPUIPlugin:80 - create IPUIPlugin
2025-11-04 09:08:58,555 [INFO] IPUIPlugin:80 - create IPUIPlugin
2025-11-04 09:08:58,576 [INFO] IPUIPlugin:80 - create IPUIPlugin
2025-11-04 09:08:58,636 [INFO] IPUIPlugin:80 - create IPUIPlugin
2025-11-04 09:08:58,645 [INFO] IPUIPlugin:80 - create IPUIPlugin
2025-11-04 09:08:58,667 [INFO] IPUIPlugin:80 - create IPUIPlugin
2025-11-04 09:08:58,718 [INFO] IPUIPlugin:80 - create IPUIPlugin
2025-11-04 09:08:58,741 [INFO] IPUIPlugin:80 - create IPUIPlugin
2025-11-04 09:08:58,773 [INFO] IPUIPlugin:80 - create IPUIPlugin
2025-11-04 09:08:58,789 [INFO] IPUIPlugin:80 - create IPUIPlugin
2025-11-04 09:08:58,902 [INFO] ApiDbMcu:508 - Load IP Config File for PDM2PCM
2025-11-04 09:08:58,946 [WARN] IP:2250 - ClockDivider not found: check if there is a RefParameter without a condition.
2025-11-04 09:08:58,958 [WARN] IP:2250 - ClockDividerCCU not found: check if there is a RefParameter without a condition.
2025-11-04 09:08:58,971 [WARN] IP:2250 - MinOscClkPeriodsCCU not found: check if there is a RefParameter without a condition.
2025-11-04 09:08:58,992 [WARN] IP:2250 - TimeQuantaPerBitTimeCCU not found: check if there is a RefParameter without a condition.
2025-11-04 09:08:59,016 [WARN] IP:2250 - WatchdogStartValueCCU not found: check if there is a RefParameter without a condition.
2025-11-04 09:08:59,027 [INFO] LogOutputStream:77 - [STDOUT_REDIRECT] Nominal 
2025-11-04 09:08:59,055 [INFO] Can:71 - Can Add PropertyChangeListener com.st.microxplorer.plugins.ip.can.Can@48c2b142
2025-11-04 09:08:59,088 [WARN] IP:2250 - ClockDivider not found: check if there is a RefParameter without a condition.
2025-11-04 09:08:59,099 [WARN] IP:2250 - ClockDividerCCU not found: check if there is a RefParameter without a condition.
2025-11-04 09:08:59,114 [WARN] IP:2250 - MinOscClkPeriodsCCU not found: check if there is a RefParameter without a condition.
2025-11-04 09:08:59,129 [WARN] IP:2250 - TimeQuantaPerBitTimeCCU not found: check if there is a RefParameter without a condition.
2025-11-04 09:08:59,177 [WARN] IP:2250 - WatchdogStartValueCCU not found: check if there is a RefParameter without a condition.
2025-11-04 09:08:59,191 [INFO] LogOutputStream:77 - [STDOUT_REDIRECT] Nominal 
2025-11-04 09:08:59,201 [INFO] Can:71 - Can Add PropertyChangeListener com.st.microxplorer.plugins.ip.can.Can@6773ffc2
2025-11-04 09:08:59,816 [INFO] CADModel:165 - CPN selected for project levelSTM32H723ZGT6
2025-11-04 09:08:59,840 [INFO] CADModel:114 - Register for checkConnection events
2025-11-04 09:08:59,906 [INFO] OpenFileManager:385 - Restore cursor
2025-11-04 09:09:00,643 [WARN] IP:2250 - ClockDivider not found: check if there is a RefParameter without a condition.
2025-11-04 09:09:00,669 [WARN] IP:2250 - ClockDividerCCU not found: check if there is a RefParameter without a condition.
2025-11-04 09:09:00,675 [WARN] IP:2250 - MinOscClkPeriodsCCU not found: check if there is a RefParameter without a condition.
2025-11-04 09:09:00,701 [WARN] IP:2250 - TimeQuantaPerBitTimeCCU not found: check if there is a RefParameter without a condition.
2025-11-04 09:09:00,740 [WARN] IP:2250 - WatchdogStartValueCCU not found: check if there is a RefParameter without a condition.
2025-11-04 09:09:01,005 [WARN] IP:2250 - ClockDivider not found: check if there is a RefParameter without a condition.
2025-11-04 09:09:01,027 [WARN] IP:2250 - ClockDividerCCU not found: check if there is a RefParameter without a condition.
2025-11-04 09:09:01,069 [WARN] IP:2250 - MinOscClkPeriodsCCU not found: check if there is a RefParameter without a condition.
2025-11-04 09:09:01,109 [WARN] IP:2250 - TimeQuantaPerBitTimeCCU not found: check if there is a RefParameter without a condition.
2025-11-04 09:09:01,133 [WARN] IP:2250 - WatchdogStartValueCCU not found: check if there is a RefParameter without a condition.
2025-11-04 09:09:01,210 [WARN] IP:2250 - DEVICE_SERIAL0_CDC_HS not found: check if there is a RefParameter without a condition.
2025-11-04 09:09:01,220 [WARN] IP:2250 - DEVICE_SERIAL1_CDC_HS not found: check if there is a RefParameter without a condition.
2025-11-04 09:09:01,244 [WARN] IP:2250 - DEVICE_SERIAL2_CDC_HS not found: check if there is a RefParameter without a condition.
2025-11-04 09:09:01,267 [WARN] IP:2250 - DEVICE_SERIAL0_CDC_HS not found: check if there is a RefParameter without a condition.
2025-11-04 09:09:01,280 [WARN] IP:2250 - DEVICE_SERIAL1_CDC_HS not found: check if there is a RefParameter without a condition.
2025-11-04 09:09:01,299 [WARN] IP:2250 - DEVICE_SERIAL2_CDC_HS not found: check if there is a RefParameter without a condition.
2025-11-04 09:09:24,805 [INFO] NvicIntPanel:101 - NVIC parent = com.st.microxplorer.plugins.ip.nvic.MultiNvicIntPanel[,0,0,685x486,layout=javax.swing.BoxLayout,alignmentX=0.0,alignmentY=0.0,border=,flags=9,maximumSize=,minimumSize=,preferredSize=]
2025-11-04 09:09:40,783 [WARN] IP:2250 - DEVICE_SERIAL0_CDC_HS not found: check if there is a RefParameter without a condition.
2025-11-04 09:09:40,790 [WARN] IP:2250 - DEVICE_SERIAL1_CDC_HS not found: check if there is a RefParameter without a condition.
2025-11-04 09:09:40,844 [WARN] IP:2250 - DEVICE_SERIAL2_CDC_HS not found: check if there is a RefParameter without a condition.
2025-11-04 09:09:47,807 [WARN] IP:2250 - DEVICE_SERIAL0_CDC_HS not found: check if there is a RefParameter without a condition.
2025-11-04 09:09:47,816 [WARN] IP:2250 - DEVICE_SERIAL1_CDC_HS not found: check if there is a RefParameter without a condition.
2025-11-04 09:09:47,839 [WARN] IP:2250 - DEVICE_SERIAL2_CDC_HS not found: check if there is a RefParameter without a condition.
2025-11-04 09:10:22,299 [INFO] NvicIntPanel:101 - NVIC parent = com.st.microxplorer.plugins.ip.nvic.MultiNvicIntPanel[,0,0,0x0,invalid,layout=javax.swing.BoxLayout,alignmentX=0.0,alignmentY=0.0,border=,flags=9,maximumSize=,minimumSize=,preferredSize=]
2025-11-04 09:10:51,451 [INFO] LogOutputStream:77 - [STDOUT_REDIRECT] Nominal 
2025-11-04 09:10:51,771 [WARN] IP:2250 - ClockDivider not found: check if there is a RefParameter without a condition.
2025-11-04 09:10:51,810 [WARN] IP:2250 - ClockDividerCCU not found: check if there is a RefParameter without a condition.
2025-11-04 09:10:51,822 [WARN] IP:2250 - MinOscClkPeriodsCCU not found: check if there is a RefParameter without a condition.
2025-11-04 09:10:51,873 [WARN] IP:2250 - TimeQuantaPerBitTimeCCU not found: check if there is a RefParameter without a condition.
2025-11-04 09:10:51,915 [WARN] IP:2250 - WatchdogStartValueCCU not found: check if there is a RefParameter without a condition.
2025-11-04 09:10:52,240 [INFO] LogOutputStream:77 - [STDOUT_REDIRECT] Nominal 
2025-11-04 09:10:52,511 [WARN] IP:2250 - ClockDivider not found: check if there is a RefParameter without a condition.
2025-11-04 09:10:52,526 [WARN] IP:2250 - ClockDividerCCU not found: check if there is a RefParameter without a condition.
2025-11-04 09:10:52,538 [WARN] IP:2250 - MinOscClkPeriodsCCU not found: check if there is a RefParameter without a condition.
2025-11-04 09:10:52,557 [WARN] IP:2250 - TimeQuantaPerBitTimeCCU not found: check if there is a RefParameter without a condition.
2025-11-04 09:10:52,568 [WARN] IP:2250 - WatchdogStartValueCCU not found: check if there is a RefParameter without a condition.
2025-11-04 09:10:52,833 [WARN] IP:2250 - ClockDivider not found: check if there is a RefParameter without a condition.
2025-11-04 09:10:52,888 [WARN] IP:2250 - ClockDividerCCU not found: check if there is a RefParameter without a condition.
2025-11-04 09:10:52,922 [WARN] IP:2250 - MinOscClkPeriodsCCU not found: check if there is a RefParameter without a condition.
2025-11-04 09:10:52,978 [WARN] IP:2250 - TimeQuantaPerBitTimeCCU not found: check if there is a RefParameter without a condition.
2025-11-04 09:10:53,024 [WARN] IP:2250 - WatchdogStartValueCCU not found: check if there is a RefParameter without a condition.
2025-11-04 09:10:53,188 [WARN] IP:2250 - ClockDivider not found: check if there is a RefParameter without a condition.
2025-11-04 09:10:53,204 [WARN] IP:2250 - ClockDividerCCU not found: check if there is a RefParameter without a condition.
2025-11-04 09:10:53,223 [WARN] IP:2250 - MinOscClkPeriodsCCU not found: check if there is a RefParameter without a condition.
2025-11-04 09:10:53,234 [WARN] IP:2250 - TimeQuantaPerBitTimeCCU not found: check if there is a RefParameter without a condition.
2025-11-04 09:10:53,250 [WARN] IP:2250 - WatchdogStartValueCCU not found: check if there is a RefParameter without a condition.
2025-11-04 09:10:53,273 [WARN] IP:2250 - DEVICE_SERIAL0_CDC_HS not found: check if there is a RefParameter without a condition.
2025-11-04 09:10:53,301 [WARN] IP:2250 - DEVICE_SERIAL1_CDC_HS not found: check if there is a RefParameter without a condition.
2025-11-04 09:10:53,330 [WARN] IP:2250 - DEVICE_SERIAL2_CDC_HS not found: check if there is a RefParameter without a condition.
2025-11-04 09:10:53,357 [WARN] IP:2250 - DEVICE_SERIAL0_CDC_HS not found: check if there is a RefParameter without a condition.
2025-11-04 09:10:53,372 [WARN] IP:2250 - DEVICE_SERIAL1_CDC_HS not found: check if there is a RefParameter without a condition.
2025-11-04 09:10:53,397 [WARN] IP:2250 - DEVICE_SERIAL2_CDC_HS not found: check if there is a RefParameter without a condition.
2025-11-04 09:14:05,263 [INFO] LogOutputStream:77 - [STDOUT_REDIRECT] Nominal 
2025-11-04 09:14:05,481 [WARN] IP:2250 - ClockDivider not found: check if there is a RefParameter without a condition.
2025-11-04 09:14:05,519 [WARN] IP:2250 - ClockDividerCCU not found: check if there is a RefParameter without a condition.
2025-11-04 09:14:05,546 [WARN] IP:2250 - MinOscClkPeriodsCCU not found: check if there is a RefParameter without a condition.
2025-11-04 09:14:05,558 [WARN] IP:2250 - TimeQuantaPerBitTimeCCU not found: check if there is a RefParameter without a condition.
2025-11-04 09:14:05,580 [WARN] IP:2250 - WatchdogStartValueCCU not found: check if there is a RefParameter without a condition.
2025-11-04 09:14:05,720 [INFO] LogOutputStream:77 - [STDOUT_REDIRECT] Nominal 
2025-11-04 09:14:05,885 [WARN] IP:2250 - ClockDivider not found: check if there is a RefParameter without a condition.
2025-11-04 09:14:05,934 [WARN] IP:2250 - ClockDividerCCU not found: check if there is a RefParameter without a condition.
2025-11-04 09:14:05,942 [WARN] IP:2250 - MinOscClkPeriodsCCU not found: check if there is a RefParameter without a condition.
2025-11-04 09:14:05,955 [WARN] IP:2250 - TimeQuantaPerBitTimeCCU not found: check if there is a RefParameter without a condition.
2025-11-04 09:14:05,974 [WARN] IP:2250 - WatchdogStartValueCCU not found: check if there is a RefParameter without a condition.
2025-11-04 09:14:06,219 [WARN] IP:2250 - ClockDivider not found: check if there is a RefParameter without a condition.
2025-11-04 09:14:06,229 [WARN] IP:2250 - ClockDividerCCU not found: check if there is a RefParameter without a condition.
2025-11-04 09:14:06,243 [WARN] IP:2250 - MinOscClkPeriodsCCU not found: check if there is a RefParameter without a condition.
2025-11-04 09:14:06,255 [WARN] IP:2250 - TimeQuantaPerBitTimeCCU not found: check if there is a RefParameter without a condition.
2025-11-04 09:14:06,265 [WARN] IP:2250 - WatchdogStartValueCCU not found: check if there is a RefParameter without a condition.
2025-11-04 09:14:06,404 [WARN] IP:2250 - ClockDivider not found: check if there is a RefParameter without a condition.
2025-11-04 09:14:06,427 [WARN] IP:2250 - ClockDividerCCU not found: check if there is a RefParameter without a condition.
2025-11-04 09:14:06,463 [WARN] IP:2250 - MinOscClkPeriodsCCU not found: check if there is a RefParameter without a condition.
2025-11-04 09:14:06,479 [WARN] IP:2250 - TimeQuantaPerBitTimeCCU not found: check if there is a RefParameter without a condition.
2025-11-04 09:14:06,499 [WARN] IP:2250 - WatchdogStartValueCCU not found: check if there is a RefParameter without a condition.
2025-11-04 09:14:06,524 [WARN] IP:2250 - DEVICE_SERIAL0_CDC_HS not found: check if there is a RefParameter without a condition.
2025-11-04 09:14:06,538 [WARN] IP:2250 - DEVICE_SERIAL1_CDC_HS not found: check if there is a RefParameter without a condition.
2025-11-04 09:14:06,552 [WARN] IP:2250 - DEVICE_SERIAL2_CDC_HS not found: check if there is a RefParameter without a condition.
2025-11-04 09:14:06,569 [WARN] IP:2250 - DEVICE_SERIAL0_CDC_HS not found: check if there is a RefParameter without a condition.
2025-11-04 09:14:06,600 [WARN] IP:2250 - DEVICE_SERIAL1_CDC_HS not found: check if there is a RefParameter without a condition.
2025-11-04 09:14:06,640 [WARN] IP:2250 - DEVICE_SERIAL2_CDC_HS not found: check if there is a RefParameter without a condition.
2025-11-04 09:34:55,776 [INFO] LogOutputStream:77 - [STDOUT_REDIRECT] Nominal 
2025-11-04 09:34:55,791 [INFO] LogOutputStream:77 - [STDOUT_REDIRECT] Nominal 
2025-11-04 09:34:56,044 [INFO] NvicIntPanel:101 - NVIC parent = com.st.microxplorer.plugins.ip.nvic.MultiNvicIntPanel[,0,0,504x169,layout=javax.swing.BoxLayout,alignmentX=0.0,alignmentY=0.0,border=,flags=9,maximumSize=,minimumSize=,preferredSize=]
2025-11-04 09:35:40,257 [WARN] IP:2250 - ClockDivider not found: check if there is a RefParameter without a condition.
2025-11-04 09:35:40,261 [WARN] IP:2250 - ClockDividerCCU not found: check if there is a RefParameter without a condition.
2025-11-04 09:35:40,264 [WARN] IP:2250 - MinOscClkPeriodsCCU not found: check if there is a RefParameter without a condition.
2025-11-04 09:35:40,269 [WARN] IP:2250 - TimeQuantaPerBitTimeCCU not found: check if there is a RefParameter without a condition.
2025-11-04 09:35:40,275 [WARN] IP:2250 - WatchdogStartValueCCU not found: check if there is a RefParameter without a condition.
2025-11-04 09:35:40,575 [WARN] IP:2250 - ClockDivider not found: check if there is a RefParameter without a condition.
2025-11-04 09:35:40,581 [WARN] IP:2250 - ClockDividerCCU not found: check if there is a RefParameter without a condition.
2025-11-04 09:35:40,585 [WARN] IP:2250 - MinOscClkPeriodsCCU not found: check if there is a RefParameter without a condition.
2025-11-04 09:35:40,590 [WARN] IP:2250 - TimeQuantaPerBitTimeCCU not found: check if there is a RefParameter without a condition.
2025-11-04 09:35:40,594 [WARN] IP:2250 - WatchdogStartValueCCU not found: check if there is a RefParameter without a condition.
2025-11-04 09:35:40,623 [WARN] IP:2250 - DEVICE_SERIAL0_CDC_HS not found: check if there is a RefParameter without a condition.
2025-11-04 09:35:40,634 [WARN] IP:2250 - DEVICE_SERIAL1_CDC_HS not found: check if there is a RefParameter without a condition.
2025-11-04 09:35:40,642 [WARN] IP:2250 - DEVICE_SERIAL2_CDC_HS not found: check if there is a RefParameter without a condition.
2025-11-04 09:35:40,653 [WARN] IP:2250 - DEVICE_SERIAL0_CDC_HS not found: check if there is a RefParameter without a condition.
2025-11-04 09:35:40,658 [WARN] IP:2250 - DEVICE_SERIAL1_CDC_HS not found: check if there is a RefParameter without a condition.
2025-11-04 09:35:40,662 [WARN] IP:2250 - DEVICE_SERIAL2_CDC_HS not found: check if there is a RefParameter without a condition.
2025-11-04 09:35:40,817 [WARN] IP:2250 - ClockDivider not found: check if there is a RefParameter without a condition.
2025-11-04 09:35:40,822 [WARN] IP:2250 - ClockDividerCCU not found: check if there is a RefParameter without a condition.
2025-11-04 09:35:40,826 [WARN] IP:2250 - MinOscClkPeriodsCCU not found: check if there is a RefParameter without a condition.
2025-11-04 09:35:40,836 [WARN] IP:2250 - TimeQuantaPerBitTimeCCU not found: check if there is a RefParameter without a condition.
2025-11-04 09:35:40,839 [WARN] IP:2250 - WatchdogStartValueCCU not found: check if there is a RefParameter without a condition.
2025-11-04 09:35:40,982 [WARN] IP:2250 - ClockDivider not found: check if there is a RefParameter without a condition.
2025-11-04 09:35:41,001 [WARN] IP:2250 - ClockDividerCCU not found: check if there is a RefParameter without a condition.
2025-11-04 09:35:41,005 [WARN] IP:2250 - MinOscClkPeriodsCCU not found: check if there is a RefParameter without a condition.
2025-11-04 09:35:41,009 [WARN] IP:2250 - TimeQuantaPerBitTimeCCU not found: check if there is a RefParameter without a condition.
2025-11-04 09:35:41,014 [WARN] IP:2250 - WatchdogStartValueCCU not found: check if there is a RefParameter without a condition.
2025-11-04 09:35:41,027 [WARN] IP:2250 - DEVICE_SERIAL0_CDC_HS not found: check if there is a RefParameter without a condition.
2025-11-04 09:35:41,031 [WARN] IP:2250 - DEVICE_SERIAL1_CDC_HS not found: check if there is a RefParameter without a condition.
2025-11-04 09:35:41,040 [WARN] IP:2250 - DEVICE_SERIAL2_CDC_HS not found: check if there is a RefParameter without a condition.
2025-11-04 09:35:41,108 [WARN] IP:2250 - ClockDivider not found: check if there is a RefParameter without a condition.
2025-11-04 09:35:41,116 [WARN] IP:2250 - ClockDividerCCU not found: check if there is a RefParameter without a condition.
2025-11-04 09:35:41,122 [WARN] IP:2250 - MinOscClkPeriodsCCU not found: check if there is a RefParameter without a condition.
2025-11-04 09:35:41,133 [WARN] IP:2250 - TimeQuantaPerBitTimeCCU not found: check if there is a RefParameter without a condition.
2025-11-04 09:35:41,140 [WARN] IP:2250 - WatchdogStartValueCCU not found: check if there is a RefParameter without a condition.
2025-11-04 09:35:41,229 [WARN] IP:2250 - ClockDivider not found: check if there is a RefParameter without a condition.
2025-11-04 09:35:41,234 [WARN] IP:2250 - ClockDividerCCU not found: check if there is a RefParameter without a condition.
2025-11-04 09:35:41,240 [WARN] IP:2250 - MinOscClkPeriodsCCU not found: check if there is a RefParameter without a condition.
2025-11-04 09:35:41,249 [WARN] IP:2250 - TimeQuantaPerBitTimeCCU not found: check if there is a RefParameter without a condition.
2025-11-04 09:35:41,254 [WARN] IP:2250 - WatchdogStartValueCCU not found: check if there is a RefParameter without a condition.
2025-11-04 09:35:41,266 [WARN] IP:2250 - DEVICE_SERIAL0_CDC_HS not found: check if there is a RefParameter without a condition.
2025-11-04 09:35:41,269 [WARN] IP:2250 - DEVICE_SERIAL1_CDC_HS not found: check if there is a RefParameter without a condition.
2025-11-04 09:35:41,273 [WARN] IP:2250 - DEVICE_SERIAL2_CDC_HS not found: check if there is a RefParameter without a condition.
2025-11-04 09:35:41,451 [INFO] NvicIntPanel:101 - NVIC parent = com.st.microxplorer.plugins.ip.nvic.MultiNvicIntPanel[,0,0,0x0,invalid,layout=javax.swing.BoxLayout,alignmentX=0.0,alignmentY=0.0,border=,flags=9,maximumSize=,minimumSize=,preferredSize=]
2025-11-04 09:36:18,392 [INFO] Gpio:277 - dependency for GPIO [FDCAN1, FDCAN2, RCC, USB_OTG_HS]
2025-11-04 09:36:28,288 [INFO] UtilMem:75 - End SaveConfig() Used Memory: 720057960 Bytes (1073741824)
2025-11-04 09:37:02,051 [INFO] UtilMem:75 - End SaveConfig() Used Memory: 772498704 Bytes (1073741824)
2025-11-04 09:37:34,240 [INFO] UtilMem:75 - End SaveConfig() Used Memory: 698648504 Bytes (1073741824)
2025-11-04 09:38:03,804 [INFO] BlockDiagram:2775 - set Specific Code input for plugin: USB_OTG_HS
2025-11-04 09:38:03,810 [INFO] BlockDiagram:2775 - set Specific Code input for plugin: FDCAN
2025-11-04 09:38:03,817 [INFO] BlockDiagram:2775 - set Specific Code input for plugin: RCC
2025-11-04 09:38:03,828 [INFO] BlockDiagram:2775 - set Specific Code input for plugin: FDCAN
2025-11-04 09:38:03,835 [INFO] BlockDiagram:2775 - set Specific Code input for plugin: MEMORYMAP
2025-11-04 09:38:03,841 [INFO] BlockDiagram:2775 - set Specific Code input for plugin: USB_DEVICE
2025-11-04 09:38:03,846 [INFO] BlockDiagram:2775 - set Specific Code input for plugin: SYS
2025-11-04 09:38:03,852 [INFO] BlockDiagram:2775 - set Specific Code input for plugin: NVIC
2025-11-04 09:38:03,858 [INFO] BlockDiagram:2775 - set Specific Code input for plugin: CORTEX_M7
2025-11-04 09:38:03,865 [INFO] BlockDiagram:2775 - set Specific Code input for plugin: GPIO
2025-11-04 09:38:03,918 [INFO] CodeGenerator:882 - code generatio: config db path: C:\ST\STM32CubeIDE_1.18.1\STM32CubeIDE\plugins\com.st.stm32cube.common.mx_6.14.1.202504091515\\db\
2025-11-04 09:38:03,955 [WARN] IP:2250 - ClockDivider not found: check if there is a RefParameter without a condition.
2025-11-04 09:38:03,961 [WARN] IP:2250 - ClockDividerCCU not found: check if there is a RefParameter without a condition.
2025-11-04 09:38:03,964 [WARN] IP:2250 - MinOscClkPeriodsCCU not found: check if there is a RefParameter without a condition.
2025-11-04 09:38:03,968 [WARN] IP:2250 - TimeQuantaPerBitTimeCCU not found: check if there is a RefParameter without a condition.
2025-11-04 09:38:03,978 [WARN] IP:2250 - WatchdogStartValueCCU not found: check if there is a RefParameter without a condition.
2025-11-04 09:38:03,987 [WARN] IP:2250 - ClockDivider not found: check if there is a RefParameter without a condition.
2025-11-04 09:38:03,991 [WARN] IP:2250 - ClockDividerCCU not found: check if there is a RefParameter without a condition.
2025-11-04 09:38:03,995 [WARN] IP:2250 - MinOscClkPeriodsCCU not found: check if there is a RefParameter without a condition.
2025-11-04 09:38:04,000 [WARN] IP:2250 - TimeQuantaPerBitTimeCCU not found: check if there is a RefParameter without a condition.
2025-11-04 09:38:04,004 [WARN] IP:2250 - WatchdogStartValueCCU not found: check if there is a RefParameter without a condition.
2025-11-04 09:38:04,074 [WARN] IP:2250 - DEVICE_SERIAL0_CDC_HS not found: check if there is a RefParameter without a condition.
2025-11-04 09:38:04,080 [WARN] IP:2250 - DEVICE_SERIAL1_CDC_HS not found: check if there is a RefParameter without a condition.
2025-11-04 09:38:04,083 [WARN] IP:2250 - DEVICE_SERIAL2_CDC_HS not found: check if there is a RefParameter without a condition.
2025-11-04 09:38:04,589 [INFO] CodeEngine:263 - oldGeneratedFile, P:\CAN_USB\stmprogram\CAN_USB_COMMUNICATION\CAN_USB_COMMUNICATION\MXTmpFiles\license.tmp_save
2025-11-04 09:38:05,385 [INFO] CodeEngine:287 - Generated code: P:\CAN_USB\stmprogram\CAN_USB_COMMUNICATION\CAN_USB_COMMUNICATION\MXTmpFiles\license.tmp
2025-11-04 09:38:06,101 [INFO] CodeEngine:263 - oldGeneratedFile, P:\CAN_USB\stmprogram\CAN_USB_COMMUNICATION\CAN_USB_COMMUNICATION\MXTmpFiles\gpio.tmp_save
2025-11-04 09:38:06,721 [INFO] CodeEngine:287 - Generated code: P:\CAN_USB\stmprogram\CAN_USB_COMMUNICATION\CAN_USB_COMMUNICATION\MXTmpFiles\gpio.tmp
2025-11-04 09:38:07,339 [INFO] CodeEngine:263 - oldGeneratedFile, P:\CAN_USB\stmprogram\CAN_USB_COMMUNICATION\CAN_USB_COMMUNICATION\MXTmpFiles\usb_otg_hs_vars.tmp_save
2025-11-04 09:38:07,928 [INFO] CodeEngine:287 - Generated code: P:\CAN_USB\stmprogram\CAN_USB_COMMUNICATION\CAN_USB_COMMUNICATION\MXTmpFiles\usb_otg_hs_vars.tmp
2025-11-04 09:38:08,059 [INFO] CodeEngine:263 - oldGeneratedFile, P:\CAN_USB\stmprogram\CAN_USB_COMMUNICATION\CAN_USB_COMMUNICATION\MXTmpFiles\usb_otg_hs_inc.tmp_save
2025-11-04 09:38:08,383 [INFO] CodeEngine:287 - Generated code: P:\CAN_USB\stmprogram\CAN_USB_COMMUNICATION\CAN_USB_COMMUNICATION\MXTmpFiles\usb_otg_hs_inc.tmp
2025-11-04 09:38:08,498 [INFO] CodeEngine:263 - oldGeneratedFile, P:\CAN_USB\stmprogram\CAN_USB_COMMUNICATION\CAN_USB_COMMUNICATION\MXTmpFiles\usb_otg_hs_HalInit.tmp_save
2025-11-04 09:38:08,877 [INFO] CodeEngine:287 - Generated code: P:\CAN_USB\stmprogram\CAN_USB_COMMUNICATION\CAN_USB_COMMUNICATION\MXTmpFiles\usb_otg_hs_HalInit.tmp
2025-11-04 09:38:09,012 [INFO] CodeEngine:263 - oldGeneratedFile, P:\CAN_USB\stmprogram\CAN_USB_COMMUNICATION\CAN_USB_COMMUNICATION\MXTmpFiles\usb_otg_hs_Msp.tmp_save
2025-11-04 09:38:09,423 [INFO] CodeEngine:287 - Generated code: P:\CAN_USB\stmprogram\CAN_USB_COMMUNICATION\CAN_USB_COMMUNICATION\MXTmpFiles\usb_otg_hs_Msp.tmp
2025-11-04 09:38:09,862 [WARN] IPConfigManager:103 - WARNING: Missing Config File for MEMORYMAP ip!!
2025-11-04 09:38:10,321 [INFO] Middleware:1452 - No code input for Bsp Dependency
2025-11-04 09:38:10,331 [ERROR] SWIPConfigModel:147 - Object (RefParameter) name : DEVICE_SERIAL1_CDC_HS  is not a String or a Boolean
2025-11-04 09:38:10,336 [ERROR] SWIPConfigModel:147 - Object (RefParameter) name : DEVICE_SERIAL2_CDC_HS  is not a String or a Boolean
2025-11-04 09:38:10,340 [ERROR] SWIPConfigModel:147 - Object (RefParameter) name : DEVICE_SERIAL0_CDC_HS  is not a String or a Boolean
2025-11-04 09:38:10,593 [INFO] CodeEngine:263 - oldGeneratedFile, P:\CAN_USB\stmprogram\CAN_USB_COMMUNICATION\CAN_USB_COMMUNICATION\MXTmpFiles\cortex.tmp_save
2025-11-04 09:38:11,065 [INFO] CodeEngine:287 - Generated code: P:\CAN_USB\stmprogram\CAN_USB_COMMUNICATION\CAN_USB_COMMUNICATION\MXTmpFiles\cortex.tmp
2025-11-04 09:38:11,268 [INFO] Middleware:1452 - No code input for Bsp Dependency
2025-11-04 09:38:11,277 [ERROR] SWIPConfigModel:147 - Object (RefParameter) name : DEVICE_SERIAL1_CDC_HS  is not a String or a Boolean
2025-11-04 09:38:11,281 [ERROR] SWIPConfigModel:147 - Object (RefParameter) name : DEVICE_SERIAL2_CDC_HS  is not a String or a Boolean
2025-11-04 09:38:11,285 [ERROR] SWIPConfigModel:147 - Object (RefParameter) name : DEVICE_SERIAL0_CDC_HS  is not a String or a Boolean
2025-11-04 09:38:11,604 [INFO] CodeEngine:263 - oldGeneratedFile, P:\CAN_USB\stmprogram\CAN_USB_COMMUNICATION\CAN_USB_COMMUNICATION\USB_DEVICE\App\usb_device.c_save
2025-11-04 09:38:12,236 [INFO] CodeEngine:287 - Generated code: P:\CAN_USB\stmprogram\CAN_USB_COMMUNICATION\CAN_USB_COMMUNICATION\USB_DEVICE\App\usb_device.c
2025-11-04 09:38:12,473 [INFO] CodeEngine:263 - oldGeneratedFile, P:\CAN_USB\stmprogram\CAN_USB_COMMUNICATION\CAN_USB_COMMUNICATION\USB_DEVICE\App\usb_device.h_save
2025-11-04 09:38:13,064 [INFO] CodeEngine:287 - Generated code: P:\CAN_USB\stmprogram\CAN_USB_COMMUNICATION\CAN_USB_COMMUNICATION\USB_DEVICE\App\usb_device.h
2025-11-04 09:38:13,248 [INFO] CodeEngine:263 - oldGeneratedFile, P:\CAN_USB\stmprogram\CAN_USB_COMMUNICATION\CAN_USB_COMMUNICATION\USB_DEVICE\Target\usbd_conf.h_save
2025-11-04 09:38:13,788 [INFO] CodeEngine:287 - Generated code: P:\CAN_USB\stmprogram\CAN_USB_COMMUNICATION\CAN_USB_COMMUNICATION\USB_DEVICE\Target\usbd_conf.h
2025-11-04 09:38:13,992 [INFO] CodeEngine:263 - oldGeneratedFile, P:\CAN_USB\stmprogram\CAN_USB_COMMUNICATION\CAN_USB_COMMUNICATION\USB_DEVICE\Target\usbd_conf.c_save
2025-11-04 09:38:14,595 [INFO] CodeEngine:287 - Generated code: P:\CAN_USB\stmprogram\CAN_USB_COMMUNICATION\CAN_USB_COMMUNICATION\USB_DEVICE\Target\usbd_conf.c
2025-11-04 09:38:14,867 [INFO] CodeEngine:263 - oldGeneratedFile, P:\CAN_USB\stmprogram\CAN_USB_COMMUNICATION\CAN_USB_COMMUNICATION\USB_DEVICE\App\usbd_desc.h_save
2025-11-04 09:38:15,385 [INFO] CodeEngine:287 - Generated code: P:\CAN_USB\stmprogram\CAN_USB_COMMUNICATION\CAN_USB_COMMUNICATION\USB_DEVICE\App\usbd_desc.h
2025-11-04 09:38:15,586 [INFO] CodeEngine:263 - oldGeneratedFile, P:\CAN_USB\stmprogram\CAN_USB_COMMUNICATION\CAN_USB_COMMUNICATION\USB_DEVICE\App\usbd_desc.c_save
2025-11-04 09:38:16,207 [INFO] CodeEngine:287 - Generated code: P:\CAN_USB\stmprogram\CAN_USB_COMMUNICATION\CAN_USB_COMMUNICATION\USB_DEVICE\App\usbd_desc.c
2025-11-04 09:38:16,414 [INFO] CodeEngine:263 - oldGeneratedFile, P:\CAN_USB\stmprogram\CAN_USB_COMMUNICATION\CAN_USB_COMMUNICATION\USB_DEVICE\App\usbd_cdc_if.h_save
2025-11-04 09:38:16,898 [INFO] CodeEngine:287 - Generated code: P:\CAN_USB\stmprogram\CAN_USB_COMMUNICATION\CAN_USB_COMMUNICATION\USB_DEVICE\App\usbd_cdc_if.h
2025-11-04 09:38:17,102 [INFO] CodeEngine:263 - oldGeneratedFile, P:\CAN_USB\stmprogram\CAN_USB_COMMUNICATION\CAN_USB_COMMUNICATION\USB_DEVICE\App\usbd_cdc_if.c_save
2025-11-04 09:38:17,690 [INFO] CodeEngine:287 - Generated code: P:\CAN_USB\stmprogram\CAN_USB_COMMUNICATION\CAN_USB_COMMUNICATION\USB_DEVICE\App\usbd_cdc_if.c
2025-11-04 09:38:18,055 [INFO] CodeEngine:263 - oldGeneratedFile, P:\CAN_USB\stmprogram\CAN_USB_COMMUNICATION\CAN_USB_COMMUNICATION\Core\Src\stm32h7xx_it.c_save
2025-11-04 09:38:18,739 [INFO] CodeEngine:287 - Generated code: P:\CAN_USB\stmprogram\CAN_USB_COMMUNICATION\CAN_USB_COMMUNICATION\Core\Src\stm32h7xx_it.c
2025-11-04 09:38:18,944 [INFO] CodeEngine:263 - oldGeneratedFile, P:\CAN_USB\stmprogram\CAN_USB_COMMUNICATION\CAN_USB_COMMUNICATION\Core\Inc\stm32h7xx_it.h_save
2025-11-04 09:38:19,447 [INFO] CodeEngine:287 - Generated code: P:\CAN_USB\stmprogram\CAN_USB_COMMUNICATION\CAN_USB_COMMUNICATION\Core\Inc\stm32h7xx_it.h
2025-11-04 09:38:19,895 [INFO] CodeEngine:263 - oldGeneratedFile, P:\CAN_USB\stmprogram\CAN_USB_COMMUNICATION\CAN_USB_COMMUNICATION\Core\Src\stm32h7xx_hal_msp.c_save
2025-11-04 09:38:20,612 [INFO] CodeEngine:287 - Generated code: P:\CAN_USB\stmprogram\CAN_USB_COMMUNICATION\CAN_USB_COMMUNICATION\Core\Src\stm32h7xx_hal_msp.c
2025-11-04 09:38:20,738 [INFO] CodeEngine:263 - oldGeneratedFile, P:\CAN_USB\stmprogram\CAN_USB_COMMUNICATION\CAN_USB_COMMUNICATION\MXTmpFiles\system.tmp_save
2025-11-04 09:38:21,042 [INFO] CodeEngine:287 - Generated code: P:\CAN_USB\stmprogram\CAN_USB_COMMUNICATION\CAN_USB_COMMUNICATION\MXTmpFiles\system.tmp
2025-11-04 09:38:21,387 [INFO] CodeEngine:319 - oldGeneratedFile, P:\CAN_USB\stmprogram\CAN_USB_COMMUNICATION\CAN_USB_COMMUNICATION\Core\Inc\stm32h7xx_hal_conf.h_save
2025-11-04 09:38:22,004 [INFO] CodeEngine:343 - Generated code: P:\CAN_USB\stmprogram\CAN_USB_COMMUNICATION\CAN_USB_COMMUNICATION\Core\Inc\stm32h7xx_hal_conf.h
2025-11-04 09:38:22,345 [INFO] ApiDbMcu:508 - Load IP Config File for FDCAN1
2025-11-04 09:38:22,356 [INFO] ApiDbMcu:508 - Load IP Config File for FDCAN2
2025-11-04 09:38:22,360 [ERROR] ApiDbMcu:464 - Can't load MEMORYMAP-STM32xx root dir null
2025-11-04 09:38:22,362 [ERROR] ApiDbMcu:536 - Cannot parse MEMORYMAP_Config file : file do not exist
2025-11-04 09:38:22,372 [INFO] ApiDbMcu:508 - Load IP Config File for RCC
2025-11-04 09:38:22,622 [INFO] CodeEngine:263 - oldGeneratedFile, P:\CAN_USB\stmprogram\CAN_USB_COMMUNICATION\CAN_USB_COMMUNICATION\Core\Inc\main.h_save
2025-11-04 09:38:23,403 [INFO] CodeEngine:287 - Generated code: P:\CAN_USB\stmprogram\CAN_USB_COMMUNICATION\CAN_USB_COMMUNICATION\Core\Inc\main.h
2025-11-04 09:38:24,152 [INFO] CodeEngine:263 - oldGeneratedFile, P:\CAN_USB\stmprogram\CAN_USB_COMMUNICATION\CAN_USB_COMMUNICATION\Core\Src\main.c_save
2025-11-04 09:38:25,190 [INFO] CodeEngine:287 - Generated code: P:\CAN_USB\stmprogram\CAN_USB_COMMUNICATION\CAN_USB_COMMUNICATION\Core\Src\main.c
2025-11-04 09:38:37,677 [INFO] ProjectBuilder:3324 - Time for Copy HAL[1] : 11627mS.
2025-11-04 09:38:37,769 [INFO] ProjectBuilder:4912 - Project Generator version: 4.6.0.1-B1
2025-11-04 09:38:37,872 [INFO] ConfigFileManager:1590 - The Die is : DIE483
2025-11-04 09:38:37,903 [INFO] ApiDbMcu:508 - Load IP Config File for FATFS
2025-11-04 09:38:37,928 [INFO] ApiDbMcu:508 - Load IP Config File for FREERTOS
2025-11-04 09:38:37,953 [INFO] ApiDbMcu:508 - Load IP Config File for LIBJPEG
2025-11-04 09:38:37,981 [INFO] ApiDbMcu:508 - Load IP Config File for LWIP
2025-11-04 09:38:38,009 [INFO] ApiDbMcu:508 - Load IP Config File for MBEDTLS
2025-11-04 09:38:38,038 [INFO] ApiDbMcu:508 - Load IP Config File for USB_HOST
2025-11-04 09:38:39,338 [INFO] LogOutputStream:77 - [STDOUT_REDIRECT] 
2025-11-04 09:38:47,598 [INFO] ProjectBuilder:5191 - Time for Generating toolchain IDE Files: 9829mS.
2025-11-04 09:38:47,635 [INFO] ProjectBuilder:3181 - Time for Copy CMSIS : 31mS.
2025-11-04 09:38:47,706 [INFO] ProjectBuilder:3181 - Time for Copy CMSIS : 1mS.
2025-11-04 09:48:00,181 [INFO] Gpio:277 - dependency for GPIO [FDCAN1, FDCAN2, RCC, USB_OTG_HS]
2025-11-04 09:48:00,388 [INFO] NvicIntPanel:101 - NVIC parent = com.st.microxplorer.plugins.ip.nvic.MultiNvicIntPanel[,0,0,0x0,invalid,layout=javax.swing.BoxLayout,alignmentX=0.0,alignmentY=0.0,border=,flags=9,maximumSize=,minimumSize=,preferredSize=]
2025-11-04 09:48:48,828 [WARN] IP:2250 - DEVICE_SERIAL0_CDC_HS not found: check if there is a RefParameter without a condition.
2025-11-04 09:48:48,831 [WARN] IP:2250 - DEVICE_SERIAL1_CDC_HS not found: check if there is a RefParameter without a condition.
2025-11-04 09:48:48,834 [WARN] IP:2250 - DEVICE_SERIAL2_CDC_HS not found: check if there is a RefParameter without a condition.
2025-11-04 09:49:01,540 [WARN] IP:2250 - DEVICE_SERIAL0_CDC_HS not found: check if there is a RefParameter without a condition.
2025-11-04 09:49:01,544 [WARN] IP:2250 - DEVICE_SERIAL1_CDC_HS not found: check if there is a RefParameter without a condition.
2025-11-04 09:49:01,550 [WARN] IP:2250 - DEVICE_SERIAL2_CDC_HS not found: check if there is a RefParameter without a condition.
2025-11-04 09:49:16,564 [WARN] IP:2250 - DEVICE_SERIAL0_CDC_HS not found: check if there is a RefParameter without a condition.
2025-11-04 09:49:16,569 [WARN] IP:2250 - DEVICE_SERIAL1_CDC_HS not found: check if there is a RefParameter without a condition.
2025-11-04 09:49:16,573 [WARN] IP:2250 - DEVICE_SERIAL2_CDC_HS not found: check if there is a RefParameter without a condition.
2025-11-04 09:55:29,462 [INFO] NvicIntPanel:101 - NVIC parent = com.st.microxplorer.plugins.ip.nvic.MultiNvicIntPanel[,0,0,504x234,layout=javax.swing.BoxLayout,alignmentX=0.0,alignmentY=0.0,border=,flags=9,maximumSize=,minimumSize=,preferredSize=]
2025-11-04 09:57:45,653 [INFO] UtilMem:75 - End SaveConfig() Used Memory: 987737344 Bytes (1073741824)
2025-11-04 09:59:28,424 [INFO] UtilMem:75 - End SaveConfig() Used Memory: 912058232 Bytes (1073741824)
2025-11-04 09:59:53,726 [INFO] UtilMem:75 - End SaveConfig() Used Memory: 870758880 Bytes (1073741824)
2025-11-04 10:00:40,998 [INFO] BlockDiagram:2775 - set Specific Code input for plugin: USB_OTG_HS
2025-11-04 10:00:41,004 [INFO] BlockDiagram:2775 - set Specific Code input for plugin: FDCAN
2025-11-04 10:00:41,010 [INFO] BlockDiagram:2775 - set Specific Code input for plugin: RCC
2025-11-04 10:00:41,015 [INFO] BlockDiagram:2775 - set Specific Code input for plugin: FDCAN
2025-11-04 10:00:41,020 [INFO] BlockDiagram:2775 - set Specific Code input for plugin: MEMORYMAP
2025-11-04 10:00:41,025 [INFO] BlockDiagram:2775 - set Specific Code input for plugin: USB_DEVICE
2025-11-04 10:00:41,029 [INFO] BlockDiagram:2775 - set Specific Code input for plugin: SYS
2025-11-04 10:00:41,044 [INFO] BlockDiagram:2775 - set Specific Code input for plugin: NVIC
2025-11-04 10:00:41,047 [INFO] BlockDiagram:2775 - set Specific Code input for plugin: CORTEX_M7
2025-11-04 10:00:41,052 [INFO] BlockDiagram:2775 - set Specific Code input for plugin: GPIO
2025-11-04 10:00:41,100 [INFO] CodeGenerator:882 - code generatio: config db path: C:\ST\STM32CubeIDE_1.18.1\STM32CubeIDE\plugins\com.st.stm32cube.common.mx_6.14.1.202504091515\\db\
2025-11-04 10:00:41,135 [WARN] IP:2250 - ClockDivider not found: check if there is a RefParameter without a condition.
2025-11-04 10:00:41,140 [WARN] IP:2250 - ClockDividerCCU not found: check if there is a RefParameter without a condition.
2025-11-04 10:00:41,144 [WARN] IP:2250 - MinOscClkPeriodsCCU not found: check if there is a RefParameter without a condition.
2025-11-04 10:00:41,147 [WARN] IP:2250 - TimeQuantaPerBitTimeCCU not found: check if there is a RefParameter without a condition.
2025-11-04 10:00:41,151 [WARN] IP:2250 - WatchdogStartValueCCU not found: check if there is a RefParameter without a condition.
2025-11-04 10:00:41,161 [WARN] IP:2250 - ClockDivider not found: check if there is a RefParameter without a condition.
2025-11-04 10:00:41,168 [WARN] IP:2250 - ClockDividerCCU not found: check if there is a RefParameter without a condition.
2025-11-04 10:00:41,171 [WARN] IP:2250 - MinOscClkPeriodsCCU not found: check if there is a RefParameter without a condition.
2025-11-04 10:00:41,179 [WARN] IP:2250 - TimeQuantaPerBitTimeCCU not found: check if there is a RefParameter without a condition.
2025-11-04 10:00:41,186 [WARN] IP:2250 - WatchdogStartValueCCU not found: check if there is a RefParameter without a condition.
2025-11-04 10:00:41,320 [WARN] IP:2250 - DEVICE_SERIAL0_CDC_HS not found: check if there is a RefParameter without a condition.
2025-11-04 10:00:41,325 [WARN] IP:2250 - DEVICE_SERIAL1_CDC_HS not found: check if there is a RefParameter without a condition.
2025-11-04 10:00:41,330 [WARN] IP:2250 - DEVICE_SERIAL2_CDC_HS not found: check if there is a RefParameter without a condition.
2025-11-04 10:00:41,752 [INFO] CodeEngine:263 - oldGeneratedFile, P:\CAN_USB\stmprogram\CAN_USB_COMMUNICATION\CAN_USB_COMMUNICATION\MXTmpFiles\license.tmp_save
2025-11-04 10:00:42,664 [INFO] CodeEngine:287 - Generated code: P:\CAN_USB\stmprogram\CAN_USB_COMMUNICATION\CAN_USB_COMMUNICATION\MXTmpFiles\license.tmp
2025-11-04 10:00:43,171 [INFO] CodeEngine:263 - oldGeneratedFile, P:\CAN_USB\stmprogram\CAN_USB_COMMUNICATION\CAN_USB_COMMUNICATION\MXTmpFiles\gpio.tmp_save
2025-11-04 10:00:43,863 [INFO] CodeEngine:287 - Generated code: P:\CAN_USB\stmprogram\CAN_USB_COMMUNICATION\CAN_USB_COMMUNICATION\MXTmpFiles\gpio.tmp
2025-11-04 10:00:44,468 [INFO] CodeEngine:263 - oldGeneratedFile, P:\CAN_USB\stmprogram\CAN_USB_COMMUNICATION\CAN_USB_COMMUNICATION\MXTmpFiles\usb_otg_hs_vars.tmp_save
2025-11-04 10:00:45,011 [INFO] CodeEngine:287 - Generated code: P:\CAN_USB\stmprogram\CAN_USB_COMMUNICATION\CAN_USB_COMMUNICATION\MXTmpFiles\usb_otg_hs_vars.tmp
2025-11-04 10:00:45,155 [INFO] CodeEngine:263 - oldGeneratedFile, P:\CAN_USB\stmprogram\CAN_USB_COMMUNICATION\CAN_USB_COMMUNICATION\MXTmpFiles\usb_otg_hs_inc.tmp_save
2025-11-04 10:00:45,513 [INFO] CodeEngine:287 - Generated code: P:\CAN_USB\stmprogram\CAN_USB_COMMUNICATION\CAN_USB_COMMUNICATION\MXTmpFiles\usb_otg_hs_inc.tmp
2025-11-04 10:00:45,629 [INFO] CodeEngine:263 - oldGeneratedFile, P:\CAN_USB\stmprogram\CAN_USB_COMMUNICATION\CAN_USB_COMMUNICATION\MXTmpFiles\usb_otg_hs_HalInit.tmp_save
2025-11-04 10:00:46,011 [INFO] CodeEngine:287 - Generated code: P:\CAN_USB\stmprogram\CAN_USB_COMMUNICATION\CAN_USB_COMMUNICATION\MXTmpFiles\usb_otg_hs_HalInit.tmp
2025-11-04 10:00:46,134 [INFO] CodeEngine:263 - oldGeneratedFile, P:\CAN_USB\stmprogram\CAN_USB_COMMUNICATION\CAN_USB_COMMUNICATION\MXTmpFiles\usb_otg_hs_Msp.tmp_save
2025-11-04 10:00:46,543 [INFO] CodeEngine:287 - Generated code: P:\CAN_USB\stmprogram\CAN_USB_COMMUNICATION\CAN_USB_COMMUNICATION\MXTmpFiles\usb_otg_hs_Msp.tmp
2025-11-04 10:00:46,848 [WARN] IPConfigManager:103 - WARNING: Missing Config File for MEMORYMAP ip!!
2025-11-04 10:00:47,099 [INFO] Middleware:1452 - No code input for Bsp Dependency
2025-11-04 10:00:47,105 [ERROR] SWIPConfigModel:147 - Object (RefParameter) name : DEVICE_SERIAL1_CDC_HS  is not a String or a Boolean
2025-11-04 10:00:47,112 [ERROR] SWIPConfigModel:147 - Object (RefParameter) name : DEVICE_SERIAL2_CDC_HS  is not a String or a Boolean
2025-11-04 10:00:47,119 [ERROR] SWIPConfigModel:147 - Object (RefParameter) name : DEVICE_SERIAL0_CDC_HS  is not a String or a Boolean
2025-11-04 10:00:47,299 [INFO] CodeEngine:263 - oldGeneratedFile, P:\CAN_USB\stmprogram\CAN_USB_COMMUNICATION\CAN_USB_COMMUNICATION\MXTmpFiles\cortex.tmp_save
2025-11-04 10:00:47,697 [INFO] CodeEngine:287 - Generated code: P:\CAN_USB\stmprogram\CAN_USB_COMMUNICATION\CAN_USB_COMMUNICATION\MXTmpFiles\cortex.tmp
2025-11-04 10:00:47,844 [INFO] Middleware:1452 - No code input for Bsp Dependency
2025-11-04 10:00:47,849 [ERROR] SWIPConfigModel:147 - Object (RefParameter) name : DEVICE_SERIAL1_CDC_HS  is not a String or a Boolean
2025-11-04 10:00:47,851 [ERROR] SWIPConfigModel:147 - Object (RefParameter) name : DEVICE_SERIAL2_CDC_HS  is not a String or a Boolean
2025-11-04 10:00:47,855 [ERROR] SWIPConfigModel:147 - Object (RefParameter) name : DEVICE_SERIAL0_CDC_HS  is not a String or a Boolean
2025-11-04 10:00:48,069 [INFO] CodeEngine:263 - oldGeneratedFile, P:\CAN_USB\stmprogram\CAN_USB_COMMUNICATION\CAN_USB_COMMUNICATION\USB_DEVICE\App\usb_device.c_save
2025-11-04 10:00:48,660 [INFO] CodeEngine:287 - Generated code: P:\CAN_USB\stmprogram\CAN_USB_COMMUNICATION\CAN_USB_COMMUNICATION\USB_DEVICE\App\usb_device.c
2025-11-04 10:00:48,856 [INFO] CodeEngine:263 - oldGeneratedFile, P:\CAN_USB\stmprogram\CAN_USB_COMMUNICATION\CAN_USB_COMMUNICATION\USB_DEVICE\App\usb_device.h_save
2025-11-04 10:00:49,420 [INFO] CodeEngine:287 - Generated code: P:\CAN_USB\stmprogram\CAN_USB_COMMUNICATION\CAN_USB_COMMUNICATION\USB_DEVICE\App\usb_device.h
2025-11-04 10:00:49,596 [INFO] CodeEngine:263 - oldGeneratedFile, P:\CAN_USB\stmprogram\CAN_USB_COMMUNICATION\CAN_USB_COMMUNICATION\USB_DEVICE\Target\usbd_conf.h_save
2025-11-04 10:00:50,096 [INFO] CodeEngine:287 - Generated code: P:\CAN_USB\stmprogram\CAN_USB_COMMUNICATION\CAN_USB_COMMUNICATION\USB_DEVICE\Target\usbd_conf.h
2025-11-04 10:00:50,287 [INFO] CodeEngine:263 - oldGeneratedFile, P:\CAN_USB\stmprogram\CAN_USB_COMMUNICATION\CAN_USB_COMMUNICATION\USB_DEVICE\Target\usbd_conf.c_save
2025-11-04 10:00:50,954 [INFO] CodeEngine:287 - Generated code: P:\CAN_USB\stmprogram\CAN_USB_COMMUNICATION\CAN_USB_COMMUNICATION\USB_DEVICE\Target\usbd_conf.c
2025-11-04 10:00:51,136 [INFO] CodeEngine:263 - oldGeneratedFile, P:\CAN_USB\stmprogram\CAN_USB_COMMUNICATION\CAN_USB_COMMUNICATION\USB_DEVICE\App\usbd_desc.h_save
2025-11-04 10:00:51,625 [INFO] CodeEngine:287 - Generated code: P:\CAN_USB\stmprogram\CAN_USB_COMMUNICATION\CAN_USB_COMMUNICATION\USB_DEVICE\App\usbd_desc.h
2025-11-04 10:00:51,816 [INFO] CodeEngine:263 - oldGeneratedFile, P:\CAN_USB\stmprogram\CAN_USB_COMMUNICATION\CAN_USB_COMMUNICATION\USB_DEVICE\App\usbd_desc.c_save
2025-11-04 10:00:52,367 [INFO] CodeEngine:287 - Generated code: P:\CAN_USB\stmprogram\CAN_USB_COMMUNICATION\CAN_USB_COMMUNICATION\USB_DEVICE\App\usbd_desc.c
2025-11-04 10:00:52,543 [INFO] CodeEngine:263 - oldGeneratedFile, P:\CAN_USB\stmprogram\CAN_USB_COMMUNICATION\CAN_USB_COMMUNICATION\USB_DEVICE\App\usbd_cdc_if.h_save
2025-11-04 10:00:53,046 [INFO] CodeEngine:287 - Generated code: P:\CAN_USB\stmprogram\CAN_USB_COMMUNICATION\CAN_USB_COMMUNICATION\USB_DEVICE\App\usbd_cdc_if.h
2025-11-04 10:00:53,259 [INFO] CodeEngine:263 - oldGeneratedFile, P:\CAN_USB\stmprogram\CAN_USB_COMMUNICATION\CAN_USB_COMMUNICATION\USB_DEVICE\App\usbd_cdc_if.c_save
2025-11-04 10:00:53,797 [INFO] CodeEngine:287 - Generated code: P:\CAN_USB\stmprogram\CAN_USB_COMMUNICATION\CAN_USB_COMMUNICATION\USB_DEVICE\App\usbd_cdc_if.c
2025-11-04 10:00:54,250 [INFO] CodeEngine:263 - oldGeneratedFile, P:\CAN_USB\stmprogram\CAN_USB_COMMUNICATION\CAN_USB_COMMUNICATION\Core\Src\stm32h7xx_it.c_save
2025-11-04 10:00:55,221 [INFO] CodeEngine:287 - Generated code: P:\CAN_USB\stmprogram\CAN_USB_COMMUNICATION\CAN_USB_COMMUNICATION\Core\Src\stm32h7xx_it.c
2025-11-04 10:00:55,457 [INFO] CodeEngine:263 - oldGeneratedFile, P:\CAN_USB\stmprogram\CAN_USB_COMMUNICATION\CAN_USB_COMMUNICATION\Core\Inc\stm32h7xx_it.h_save
2025-11-04 10:00:56,169 [INFO] CodeEngine:287 - Generated code: P:\CAN_USB\stmprogram\CAN_USB_COMMUNICATION\CAN_USB_COMMUNICATION\Core\Inc\stm32h7xx_it.h
2025-11-04 10:00:56,800 [INFO] CodeEngine:263 - oldGeneratedFile, P:\CAN_USB\stmprogram\CAN_USB_COMMUNICATION\CAN_USB_COMMUNICATION\Core\Src\stm32h7xx_hal_msp.c_save
2025-11-04 10:00:57,786 [INFO] CodeEngine:287 - Generated code: P:\CAN_USB\stmprogram\CAN_USB_COMMUNICATION\CAN_USB_COMMUNICATION\Core\Src\stm32h7xx_hal_msp.c
2025-11-04 10:00:58,037 [INFO] CodeEngine:263 - oldGeneratedFile, P:\CAN_USB\stmprogram\CAN_USB_COMMUNICATION\CAN_USB_COMMUNICATION\MXTmpFiles\system.tmp_save
2025-11-04 10:00:58,454 [INFO] CodeEngine:287 - Generated code: P:\CAN_USB\stmprogram\CAN_USB_COMMUNICATION\CAN_USB_COMMUNICATION\MXTmpFiles\system.tmp
2025-11-04 10:00:59,171 [INFO] CodeEngine:319 - oldGeneratedFile, P:\CAN_USB\stmprogram\CAN_USB_COMMUNICATION\CAN_USB_COMMUNICATION\Core\Inc\stm32h7xx_hal_conf.h_save
2025-11-04 10:01:00,015 [INFO] CodeEngine:343 - Generated code: P:\CAN_USB\stmprogram\CAN_USB_COMMUNICATION\CAN_USB_COMMUNICATION\Core\Inc\stm32h7xx_hal_conf.h
2025-11-04 10:01:00,330 [ERROR] ApiDbMcu:464 - Can't load MEMORYMAP-STM32xx root dir null
2025-11-04 10:01:00,333 [ERROR] ApiDbMcu:536 - Cannot parse MEMORYMAP_Config file : file do not exist
2025-11-04 10:01:00,565 [INFO] CodeEngine:263 - oldGeneratedFile, P:\CAN_USB\stmprogram\CAN_USB_COMMUNICATION\CAN_USB_COMMUNICATION\Core\Inc\main.h_save
2025-11-04 10:01:01,239 [INFO] CodeEngine:287 - Generated code: P:\CAN_USB\stmprogram\CAN_USB_COMMUNICATION\CAN_USB_COMMUNICATION\Core\Inc\main.h
2025-11-04 10:01:01,460 [INFO] CodeEngine:263 - oldGeneratedFile, P:\CAN_USB\stmprogram\CAN_USB_COMMUNICATION\CAN_USB_COMMUNICATION\Core\Src\main.c_save
2025-11-04 10:01:02,519 [INFO] CodeEngine:287 - Generated code: P:\CAN_USB\stmprogram\CAN_USB_COMMUNICATION\CAN_USB_COMMUNICATION\Core\Src\main.c
2025-11-04 10:01:14,437 [INFO] ProjectBuilder:3324 - Time for Copy HAL[1] : 11054mS.
2025-11-04 10:01:14,519 [INFO] ProjectBuilder:4912 - Project Generator version: 4.6.0.1-B1
2025-11-04 10:01:14,631 [INFO] ConfigFileManager:1590 - The Die is : DIE483
2025-11-04 10:01:22,907 [INFO] ProjectBuilder:5191 - Time for Generating toolchain IDE Files: 8387mS.
2025-11-04 10:01:22,967 [INFO] ProjectBuilder:3181 - Time for Copy CMSIS : 55mS.
2025-11-04 10:01:23,028 [INFO] ProjectBuilder:3181 - Time for Copy CMSIS : 1mS.
